{
	"d4e5851f83005e6044ab5ebd23c9b9a9-22": {
		"slug": "d4e5851f83005e6044ab5ebd23c9b9a9-22",
		"name": "Basic Single",
		"categories": [],
		"keywords": [],
		"wootemplate": "single",
		"pro": false,
		"locked": false,
		"content": "<!-- wp:kadence/rowlayout {\"uniqueID\":\"_f6bd86-f5\",\"columns\":1,\"colLayout\":\"equal\",\"topPadding\":30,\"bottomPadding\":10,\"inheritMaxWidth\":true,\"inQueryBlock\":true} -->\n<div class=\"wp-block-kadence-rowlayout alignnone\"><div id=\"kt-layout-id_f6bd86-f5\" class=\"kt-row-layout-inner kt-layout-id_f6bd86-f5\"><div class=\"kt-row-column-wrap kt-has-1-columns kt-gutter-default kt-v-gutter-default kt-row-valign-top kt-row-layout-equal kt-tab-layout-inherit kt-m-colapse-left-to-right kt-mobile-layout-row kb-theme-content-width\"><!-- wp:kadence/column {\"uniqueID\":\"_d36f45-2e\",\"inQueryBlock\":true} -->\n<div class=\"wp-block-kadence-column inner-column-1 kadence-column_d36f45-2e\"><div class=\"kt-inside-inner-col\"><!-- wp:kadence-wootemplate-blocks/breadcrumbs {\"uniqueID\":\"_1d84ed-b0\"} /--></div></div>\n<!-- /wp:kadence/column --></div></div></div>\n<!-- /wp:kadence/rowlayout -->\n\n<!-- wp:kadence/rowlayout {\"uniqueID\":\"_d56f92-a0\",\"columnGutter\":\"wider\",\"colLayout\":\"equal\",\"topPadding\":0,\"inheritMaxWidth\":true,\"inQueryBlock\":true} -->\n<div class=\"wp-block-kadence-rowlayout alignnone\"><div id=\"kt-layout-id_d56f92-a0\" class=\"kt-row-layout-inner kt-layout-id_d56f92-a0\"><div class=\"kt-row-column-wrap kt-has-2-columns kt-gutter-wider kt-v-gutter-default kt-row-valign-top kt-row-layout-equal kt-tab-layout-inherit kt-m-colapse-left-to-right kt-mobile-layout-row kb-theme-content-width\"><!-- wp:kadence/column {\"uniqueID\":\"_d468ca-be\",\"inQueryBlock\":true} -->\n<div class=\"wp-block-kadence-column inner-column-1 kadence-column_d468ca-be\"><div class=\"kt-inside-inner-col\"><!-- wp:kadence-wootemplate-blocks/gallery {\"uniqueID\":\"_b3d1d1-85\",\"margin\":[\"\",\"\",0,\"\"],\"padding\":[\"\",\"\",0,\"\"]} /--></div></div>\n<!-- /wp:kadence/column -->\n\n<!-- wp:kadence/column {\"id\":2,\"uniqueID\":\"_77a9a3-69\",\"inQueryBlock\":true} -->\n<div class=\"wp-block-kadence-column inner-column-2 kadence-column_77a9a3-69\"><div class=\"kt-inside-inner-col\"><!-- wp:kadence-wootemplate-blocks/title {\"uniqueID\":\"_7a3c9d-fa\"} /-->\n\n<!-- wp:kadence-wootemplate-blocks/rating {\"uniqueID\":\"_ad8747-32\"} /-->\n\n<!-- wp:kadence-wootemplate-blocks/price {\"uniqueID\":\"_b76ca9-5d\"} /-->\n\n<!-- wp:kadence-wootemplate-blocks/excerpt {\"uniqueID\":\"_a81806-33\"} /-->\n\n<!-- wp:kadence-wootemplate-blocks/add-to-cart {\"uniqueID\":\"_d4e2d9-ca\"} /-->\n\n<!-- wp:kadence-wootemplate-blocks/meta {\"uniqueID\":\"_5ebc52-7b\"} /--></div></div>\n<!-- /wp:kadence/column --></div></div></div>\n<!-- /wp:kadence/rowlayout -->\n\n<!-- wp:kadence/rowlayout {\"uniqueID\":\"_b977ff-cc\",\"columns\":1,\"colLayout\":\"equal\",\"bottomPadding\":60,\"inheritMaxWidth\":true,\"inQueryBlock\":true} -->\n<div class=\"wp-block-kadence-rowlayout alignnone\"><div id=\"kt-layout-id_b977ff-cc\" class=\"kt-row-layout-inner kt-layout-id_b977ff-cc\"><div class=\"kt-row-column-wrap kt-has-1-columns kt-gutter-default kt-v-gutter-default kt-row-valign-top kt-row-layout-equal kt-tab-layout-inherit kt-m-colapse-left-to-right kt-mobile-layout-row kb-theme-content-width\"><!-- wp:kadence/column {\"uniqueID\":\"_ae2993-0c\",\"inQueryBlock\":true} -->\n<div class=\"wp-block-kadence-column inner-column-1 kadence-column_ae2993-0c\"><div class=\"kt-inside-inner-col\"><!-- wp:kadence-wootemplate-blocks/tabs {\"uniqueID\":\"_ece9f6-37\"} /-->\n\n<!-- wp:kadence-wootemplate-blocks/upsell {\"uniqueID\":\"_b4db2b-74\",\"margin\":[60,\"\",\"\",\"\"]} /-->\n\n<!-- wp:kadence-wootemplate-blocks/related {\"uniqueID\":\"_e56a3e-2e\",\"margin\":[60,\"\",\"\",\"\"]} /--></div></div>\n<!-- /wp:kadence/column --></div></div></div>\n<!-- /wp:kadence/rowlayout -->",
		"description": "",
		"image": "https://skt.kadencewp.com/wp-content/uploads/2022/06/basic.jpg",
		"imageW": 1000,
		"imageH": 750
	},
	"d4e5851f83005e6044ab5ebd23c9b9a9-36": {
		"slug": "d4e5851f83005e6044ab5ebd23c9b9a9-36",
		"name": "Fullwidth &#8211; Sticky Side",
		"categories": [],
		"keywords": [],
		"wootemplate": "single",
		"pro": false,
		"locked": false,
		"content": "<!-- wp:kadence-wootemplate-blocks/breadcrumbs {\"uniqueID\":\"_0d92e4-46\",\"padding\":[20,\"\",\"\",40]} /-->\n\n<!-- wp:kadence/rowlayout {\"uniqueID\":\"_e8d20a-34\",\"colLayout\":\"equal\",\"topPadding\":9,\"bottomPadding\":0,\"leftPadding\":0,\"firstColumnWidth\":70,\"secondColumnWidth\":30,\"inQueryBlock\":true} -->\n<div class=\"wp-block-kadence-rowlayout alignnone\"><div id=\"kt-layout-id_e8d20a-34\" class=\"kt-row-layout-inner kt-layout-id_e8d20a-34\"><div class=\"kt-row-column-wrap kt-has-2-columns kt-gutter-default kt-v-gutter-default kt-row-valign-top kt-row-layout-equal kt-tab-layout-inherit kt-m-colapse-left-to-right kt-mobile-layout-row  kt-custom-first-width-70  kt-custom-second-width-30\"><!-- wp:kadence/column {\"topPadding\":0,\"bottomPadding\":0,\"leftPadding\":0,\"rightPadding\":0,\"background\":\"palette8\",\"uniqueID\":\"_3d1813-86\",\"inQueryBlock\":true} -->\n<div class=\"wp-block-kadence-column inner-column-1 kadence-column_3d1813-86\"><div class=\"kt-inside-inner-col\"><!-- wp:kadence-wootemplate-blocks/gallery {\"uniqueID\":\"_b2fa35-eb\",\"padding\":[\"\",\"\",2,\"\"],\"paddingType\":\"em\",\"type\":[\"list\",\"\",\"\"]} /-->\n\n<!-- wp:kadence/column {\"topPadding\":40,\"bottomPadding\":40,\"leftPadding\":0,\"rightPadding\":0,\"leftMargin\":40,\"rightMargin\":40,\"border\":\"palette7\",\"borderWidth\":[1,0,0,0],\"uniqueID\":\"_cf37cc-da\",\"inQueryBlock\":true} -->\n<div class=\"wp-block-kadence-column inner-column-1 kadence-column_cf37cc-da\"><div class=\"kt-inside-inner-col\"><!-- wp:kadence-wootemplate-blocks/description {\"uniqueID\":\"_ea0f03-56\",\"colorLink\":\"palette4\",\"colorLinkHover\":\"palette5\",\"margin\":[\"\",\"\",\"\",\"\"]} /-->\n\n<!-- wp:kadence/spacer {\"spacerHeight\":80,\"dividerColor\":\"palette7\",\"dividerWidth\":100,\"uniqueID\":\"_20f227-93\"} -->\n<div class=\"wp-block-kadence-spacer aligncenter kt-block-spacer-_20f227-93\"><div class=\"kt-block-spacer kt-block-spacer-halign-center\"><hr class=\"kt-divider\"/></div></div>\n<!-- /wp:kadence/spacer -->\n\n<!-- wp:kadence-wootemplate-blocks/reviews {\"uniqueID\":\"_f6f990-a4\",\"margin\":[\"\",\"\",\"\",\"\"],\"padding\":[\"\",\"\",\"\",\"\"],\"layout\":[\"rows\",\"\",\"\"]} /--></div></div>\n<!-- /wp:kadence/column --></div></div>\n<!-- /wp:kadence/column -->\n\n<!-- wp:kadence/column {\"id\":2,\"leftPadding\":40,\"rightPadding\":40,\"uniqueID\":\"_ac717e-c1\",\"inQueryBlock\":true,\"sticky\":true,\"stickyOffset\":[70,\"\",\"\"]} -->\n<div class=\"wp-block-kadence-column inner-column-2 kadence-column_ac717e-c1 kb-section-is-sticky\"><div class=\"kt-inside-inner-col\"><!-- wp:kadence-wootemplate-blocks/title {\"uniqueID\":\"_f6d3b9-e6\"} /-->\n\n<!-- wp:kadence-wootemplate-blocks/excerpt {\"uniqueID\":\"_0b7f5a-c8\"} /-->\n\n<!-- wp:kadence-wootemplate-blocks/price {\"uniqueID\":\"_2a7b47-39\",\"padding\":[20,\"\",20,\"\"],\"typography\":[{\"size\":[24,\"\",\"\"],\"sizeType\":\"px\",\"lineHeight\":[\"\",\"\",\"\"],\"lineType\":\"px\",\"letterSpacing\":[\"\",\"\",\"\"],\"letterSpacingType\":\"px\",\"textTransform\":\"\",\"family\":\"\",\"google\":\"\",\"style\":\"\",\"weight\":\"bold\",\"variant\":\"\",\"subset\":\"\",\"loadGoogle\":true}]} /-->\n\n<!-- wp:kadence-wootemplate-blocks/add-to-cart {\"uniqueID\":\"_015de2-42\",\"showQuantity\":false,\"fullBtn\":true,\"btnBackground\":\"palette3\",\"btnBackgroundHover\":\"palette4\",\"btnPadding\":[8,\"\",8,\"\"],\"btnBorderRadius\":[0,0,0,0]} /-->\n\n<!-- wp:kadence-wootemplate-blocks/tabs {\"uniqueID\":\"_1203d8-28\",\"style\":[\"accordion\",\"\",\"\"],\"background\":\"palette9\",\"backgroundHover\":\"palette9\",\"backgroundActive\":\"palette9\",\"border\":[\"\",\"\",\"palette7\",\"\"],\"borderHover\":[\"\",\"\",\"palette7\",\"\"],\"borderActive\":[\"\",\"\",\"palette9\",\"\"],\"borderWidth\":[0,0,1,0],\"disabledTabs\":{\"reviews\":{\"disabled\":true,\"priority\":30},\"description\":{\"disabled\":true,\"priority\":10}},\"titleMargin\":[1,\"\",0,\"\"],\"contentBorderWidth\":[0,0,1,0]} /--></div></div>\n<!-- /wp:kadence/column --></div></div></div>\n<!-- /wp:kadence/rowlayout -->",
		"description": "",
		"image": "https://skt.kadencewp.com/wp-content/uploads/2022/07/sticky-side.jpg",
		"imageW": 1000,
		"imageH": 787
	},
	"d4e5851f83005e6044ab5ebd23c9b9a9-50": {
		"slug": "d4e5851f83005e6044ab5ebd23c9b9a9-50",
		"name": "Tiles",
		"categories": [],
		"keywords": [],
		"wootemplate": "single",
		"pro": false,
		"locked": false,
		"content": "<!-- wp:kadence/rowlayout {\"uniqueID\":\"_546f5f-7a\",\"columns\":1,\"colLayout\":\"equal\",\"inheritMaxWidth\":true,\"inQueryBlock\":true} -->\n<div class=\"wp-block-kadence-rowlayout alignnone\"><div id=\"kt-layout-id_546f5f-7a\" class=\"kt-row-layout-inner kt-layout-id_546f5f-7a\"><div class=\"kt-row-column-wrap kt-has-1-columns kt-gutter-default kt-v-gutter-default kt-row-valign-top kt-row-layout-equal kt-tab-layout-inherit kt-m-colapse-left-to-right kt-mobile-layout-row kb-theme-content-width\"><!-- wp:kadence/column {\"uniqueID\":\"_d5d090-9e\",\"inQueryBlock\":true} -->\n<div class=\"wp-block-kadence-column inner-column-1 kadence-column_d5d090-9e\"><div class=\"kt-inside-inner-col\"><!-- wp:kadence-wootemplate-blocks/breadcrumbs {\"uniqueID\":\"_ea2193-56\",\"margin\":[\"\",\"\",\"\",\"\"],\"padding\":[\"\",\"\",10,\"\"],\"color\":\"palette5\",\"colorLink\":\"palette5\",\"colorLinkHover\":\"palette3\"} /-->\n\n<!-- wp:kadence/column {\"borderWidth\":[0,0,0,0],\"tabletBorderWidth\":[\"\",\"\",\"\",\"\"],\"mobileBorderWidth\":[\"\",\"\",\"\",\"\"],\"borderRadius\":[0,0,0,0],\"uniqueID\":\"_535e61-72\",\"backgroundImg\":[{\"bgImg\":\"\",\"bgImgID\":\"\",\"bgImgSize\":\"cover\",\"bgImgPosition\":\"center center\",\"bgImgAttachment\":\"scroll\",\"bgImgRepeat\":\"no-repeat\"}],\"textAlign\":[\"\",\"\",\"\"],\"shadow\":[{\"color\":\"#000000\",\"opacity\":0.2,\"spread\":0,\"blur\":14,\"hOffset\":0,\"vOffset\":0,\"inset\":false}],\"direction\":[\"horizontal\",\"vertical\",\"\"],\"justifyContent\":[\"\",\"\",\"\"],\"wrapContent\":[\"\",\"\",\"\"],\"gutter\":[80,\"\",\"\"],\"verticalAlignment\":\"top\",\"backgroundImgHover\":[{\"bgImg\":\"\",\"bgImgID\":\"\",\"bgImgSize\":\"cover\",\"bgImgPosition\":\"center center\",\"bgImgAttachment\":\"scroll\",\"bgImgRepeat\":\"no-repeat\"}],\"overlayImg\":[{\"bgImg\":\"\",\"bgImgID\":\"\",\"bgImgSize\":\"cover\",\"bgImgPosition\":\"center center\",\"bgImgAttachment\":\"scroll\",\"bgImgRepeat\":\"no-repeat\"}],\"overlayImgHover\":[{\"bgImg\":\"\",\"bgImgID\":\"\",\"bgImgSize\":\"cover\",\"bgImgPosition\":\"center center\",\"bgImgAttachment\":\"scroll\",\"bgImgRepeat\":\"no-repeat\"}],\"borderHoverWidth\":[\"\",\"\",\"\",\"\"],\"tabletBorderHoverWidth\":[\"\",\"\",\"\",\"\"],\"mobileBorderHoverWidth\":[\"\",\"\",\"\",\"\"],\"borderHoverRadius\":[\"\",\"\",\"\",\"\"],\"shadowHover\":[{\"color\":\"#000000\",\"opacity\":0.2,\"spread\":0,\"blur\":14,\"hOffset\":0,\"vOffset\":0,\"inset\":false}],\"maxWidth\":[\"\",\"\",\"\"],\"height\":[\"\",\"\",\"\"],\"inQueryBlock\":true,\"stickyOffset\":[\"\",\"\",\"\"]} -->\n<div class=\"wp-block-kadence-column inner-column-1 kadence-column_535e61-72 kb-section-dir-horizontal kb-section-md-dir-vertical\"><div class=\"kt-inside-inner-col\"><!-- wp:kadence/column {\"uniqueID\":\"_be24d4-1a\",\"inQueryBlock\":true} -->\n<div class=\"wp-block-kadence-column inner-column-1 kadence-column_be24d4-1a\"><div class=\"kt-inside-inner-col\"><!-- wp:kadence-wootemplate-blocks/gallery {\"uniqueID\":\"_b382df-b7\",\"type\":[\"tiles\",\"above\",\"\"]} /--></div></div>\n<!-- /wp:kadence/column -->\n\n<!-- wp:kadence/column {\"uniqueID\":\"_3b7bfc-08\",\"maxWidth\":[375,\"\",\"\"],\"inQueryBlock\":true} -->\n<div class=\"wp-block-kadence-column inner-column-1 kadence-column_3b7bfc-08\"><div class=\"kt-inside-inner-col\"><!-- wp:kadence-wootemplate-blocks/rating {\"uniqueID\":\"_111fa6-23\",\"margin\":[5,0,15,0],\"color\":\"palette3\",\"colorLink\":\"palette6\"} /-->\n\n<!-- wp:kadence/column {\"borderWidth\":[0,0,0,0],\"tabletBorderWidth\":[\"\",\"\",\"\",\"\"],\"mobileBorderWidth\":[\"\",\"\",\"\",\"\"],\"borderRadius\":[0,0,0,0],\"uniqueID\":\"_24dfca-e3\",\"backgroundImg\":[{\"bgImg\":\"\",\"bgImgID\":\"\",\"bgImgSize\":\"cover\",\"bgImgPosition\":\"center center\",\"bgImgAttachment\":\"scroll\",\"bgImgRepeat\":\"no-repeat\"}],\"textAlign\":[\"\",\"\",\"\"],\"shadow\":[{\"color\":\"#000000\",\"opacity\":0.2,\"spread\":0,\"blur\":14,\"hOffset\":0,\"vOffset\":0,\"inset\":false}],\"direction\":[\"horizontal\",\"\",\"\"],\"justifyContent\":[\"\",\"\",\"\"],\"wrapContent\":[\"\",\"\",\"\"],\"gutter\":[\"\",\"\",\"\"],\"verticalAlignment\":\"top\",\"backgroundImgHover\":[{\"bgImg\":\"\",\"bgImgID\":\"\",\"bgImgSize\":\"cover\",\"bgImgPosition\":\"center center\",\"bgImgAttachment\":\"scroll\",\"bgImgRepeat\":\"no-repeat\"}],\"overlayImg\":[{\"bgImg\":\"\",\"bgImgID\":\"\",\"bgImgSize\":\"cover\",\"bgImgPosition\":\"center center\",\"bgImgAttachment\":\"scroll\",\"bgImgRepeat\":\"no-repeat\"}],\"overlayImgHover\":[{\"bgImg\":\"\",\"bgImgID\":\"\",\"bgImgSize\":\"cover\",\"bgImgPosition\":\"center center\",\"bgImgAttachment\":\"scroll\",\"bgImgRepeat\":\"no-repeat\"}],\"borderHoverWidth\":[\"\",\"\",\"\",\"\"],\"tabletBorderHoverWidth\":[\"\",\"\",\"\",\"\"],\"mobileBorderHoverWidth\":[\"\",\"\",\"\",\"\"],\"borderHoverRadius\":[\"\",\"\",\"\",\"\"],\"shadowHover\":[{\"color\":\"#000000\",\"opacity\":0.2,\"spread\":0,\"blur\":14,\"hOffset\":0,\"vOffset\":0,\"inset\":false}],\"maxWidth\":[\"\",\"\",\"\"],\"height\":[\"\",\"\",\"\"],\"inQueryBlock\":true,\"stickyOffset\":[\"\",\"\",\"\"]} -->\n<div class=\"wp-block-kadence-column inner-column-1 kadence-column_24dfca-e3 kb-section-dir-horizontal\"><div class=\"kt-inside-inner-col\"><!-- wp:kadence/column {\"uniqueID\":\"_13a8e4-f9\",\"inQueryBlock\":true} -->\n<div class=\"wp-block-kadence-column inner-column-1 kadence-column_13a8e4-f9\"><div class=\"kt-inside-inner-col\"><!-- wp:kadence-wootemplate-blocks/title {\"uniqueID\":\"_1cef91-d3\",\"margin\":[0,\"\",\"\",\"\"],\"padding\":[0,\"\",\"\",\"\"],\"textAlign\":[\"left\",\"\",\"\"],\"typography\":[{\"size\":[20,\"\",\"\"],\"sizeType\":\"px\",\"lineHeight\":[26,\"\",\"\"],\"lineType\":\"px\",\"letterSpacing\":[\"\",\"\",\"\"],\"letterSpacingType\":\"px\",\"textTransform\":\"uppercase\",\"family\":\"Montserrat\",\"google\":true,\"style\":\"normal\",\"weight\":\"700\",\"variant\":\"700\",\"subset\":\"latin\",\"loadGoogle\":true}]} /--></div></div>\n<!-- /wp:kadence/column -->\n\n<!-- wp:kadence/column {\"uniqueID\":\"_21ffaa-6e\",\"maxWidth\":[100,\"\",\"\"],\"inQueryBlock\":true} -->\n<div class=\"wp-block-kadence-column inner-column-1 kadence-column_21ffaa-6e\"><div class=\"kt-inside-inner-col\"><!-- wp:kadence-wootemplate-blocks/price {\"uniqueID\":\"_a43fb5-3d\",\"margin\":[0,0,0,0],\"textAlign\":[\"right\",\"\",\"\"],\"typography\":[{\"size\":[18,\"\",\"\"],\"sizeType\":\"px\",\"lineHeight\":[26,\"\",\"\"],\"lineType\":\"px\",\"letterSpacing\":[\"\",\"\",\"\"],\"letterSpacingType\":\"px\",\"textTransform\":\"\",\"family\":\"\",\"google\":\"\",\"style\":\"\",\"weight\":\"bold\",\"variant\":\"\",\"subset\":\"\",\"loadGoogle\":true}]} /--></div></div>\n<!-- /wp:kadence/column --></div></div>\n<!-- /wp:kadence/column -->\n\n<!-- wp:kadence-wootemplate-blocks/excerpt {\"uniqueID\":\"_2b83b4-18\",\"typography\":[{\"size\":[14,\"\",\"\"],\"sizeType\":\"px\",\"lineHeight\":[\"\",\"\",\"\"],\"lineType\":\"px\",\"letterSpacing\":[\"\",\"\",\"\"],\"letterSpacingType\":\"px\",\"textTransform\":\"\",\"family\":\"\",\"google\":\"\",\"style\":\"\",\"weight\":\"\",\"variant\":\"\",\"subset\":\"\",\"loadGoogle\":true}]} /-->\n\n<!-- wp:kadence-wootemplate-blocks/add-to-cart {\"uniqueID\":\"_8b61d9-a7\",\"showQuantity\":false,\"margin\":[\"\",\"\",\"\",\"\"],\"textAlign\":[\"center\",\"right\",\"\"],\"fullBtn\":true,\"btnPadding\":[8,60,8,60],\"btnBorderRadius\":[26,26,26,26]} /-->\n\n<!-- wp:kadence/column {\"topPadding\":24,\"bottomPadding\":24,\"leftPadding\":24,\"rightPadding\":24,\"bottomMargin\":30,\"background\":\"palette7\",\"borderWidth\":[0,0,0,0],\"tabletBorderWidth\":[\"\",\"\",\"\",\"\"],\"mobileBorderWidth\":[\"\",\"\",\"\",\"\"],\"borderRadius\":[0,0,0,0],\"uniqueID\":\"_c82e08-f9\",\"backgroundImg\":[{\"bgImg\":\"\",\"bgImgID\":\"\",\"bgImgSize\":\"cover\",\"bgImgPosition\":\"center center\",\"bgImgAttachment\":\"scroll\",\"bgImgRepeat\":\"no-repeat\"}],\"textAlign\":[\"\",\"\",\"\"],\"shadow\":[{\"color\":\"#000000\",\"opacity\":0.2,\"spread\":0,\"blur\":14,\"hOffset\":0,\"vOffset\":0,\"inset\":false}],\"direction\":[\"\",\"\",\"\"],\"justifyContent\":[\"\",\"\",\"\"],\"gutter\":[\"\",\"\",\"\"],\"backgroundImgHover\":[{\"bgImg\":\"\",\"bgImgID\":\"\",\"bgImgSize\":\"cover\",\"bgImgPosition\":\"center center\",\"bgImgAttachment\":\"scroll\",\"bgImgRepeat\":\"no-repeat\"}],\"overlayImg\":[{\"bgImg\":\"\",\"bgImgID\":\"\",\"bgImgSize\":\"cover\",\"bgImgPosition\":\"center center\",\"bgImgAttachment\":\"scroll\",\"bgImgRepeat\":\"no-repeat\"}],\"overlayImgHover\":[{\"bgImg\":\"\",\"bgImgID\":\"\",\"bgImgSize\":\"cover\",\"bgImgPosition\":\"center center\",\"bgImgAttachment\":\"scroll\",\"bgImgRepeat\":\"no-repeat\"}],\"borderHoverWidth\":[\"\",\"\",\"\",\"\"],\"tabletBorderHoverWidth\":[\"\",\"\",\"\",\"\"],\"mobileBorderHoverWidth\":[\"\",\"\",\"\",\"\"],\"borderHoverRadius\":[\"\",\"\",\"\",\"\"],\"shadowHover\":[{\"color\":\"#000000\",\"opacity\":0.2,\"spread\":0,\"blur\":14,\"hOffset\":0,\"vOffset\":0,\"inset\":false}],\"maxWidth\":[375,\"\",\"\"],\"height\":[\"\",\"\",\"\"],\"inQueryBlock\":true,\"stickyOffset\":[\"\",\"\",\"\"]} -->\n<div class=\"wp-block-kadence-column inner-column-1 kadence-column_c82e08-f9\"><div class=\"kt-inside-inner-col\"><!-- wp:kadence/iconlist {\"items\":[{\"icon\":\"fas_redo\",\"link\":\"\",\"target\":\"_self\",\"size\":16,\"width\":2,\"text\":\"Free Returns On All Orders\",\"color\":\"\",\"background\":\"\",\"border\":\"\",\"borderRadius\":0,\"padding\":5,\"borderWidth\":1,\"style\":\"default\",\"level\":0},{\"icon\":\"fas_box\",\"link\":\"\",\"target\":\"_self\",\"size\":16,\"width\":2,\"text\":\"Free Standard Over $75\",\"color\":\"\",\"background\":\"\",\"border\":\"\",\"borderRadius\":0,\"padding\":5,\"borderWidth\":1,\"style\":\"default\",\"level\":0},{\"icon\":\"fas_truck-moving\",\"link\":\"\",\"target\":\"_self\",\"size\":16,\"width\":2,\"text\":\"Free Express over $150\",\"color\":\"\",\"background\":\"\",\"border\":\"\",\"borderRadius\":0,\"padding\":5,\"borderWidth\":1,\"style\":\"default\",\"level\":0}],\"listStyles\":[{\"size\":[15,\"\",\"\"],\"sizeType\":\"px\",\"lineHeight\":[\"\",\"\",\"\"],\"lineType\":\"px\",\"letterSpacing\":\"\",\"family\":\"\",\"google\":false,\"style\":\"\",\"weight\":\"bold\",\"variant\":\"\",\"subset\":\"\",\"loadGoogle\":true,\"color\":\"palette4\",\"textTransform\":\"\"}],\"listCount\":3,\"listLabelGap\":16,\"uniqueID\":\"_0a4044-3f\"} -->\n<div class=\"wp-block-kadence-iconlist kt-svg-icon-list-items kt-svg-icon-list-items_0a4044-3f kt-svg-icon-list-columns-1 alignnone\"><ul class=\"kt-svg-icon-list\"><li class=\"kt-svg-icon-list-style-default kt-svg-icon-list-item-wrap kt-svg-icon-list-item-0 kt-svg-icon-list-level-0\"><div style=\"display:inline-flex;justify-content:center;align-items:center\" class=\"kt-svg-icon-list-single kt-svg-icon-list-single-fas_redo\"><svg style=\"display:inline-block;vertical-align:middle\" viewBox=\"0 0 512 512\" height=\"16\" width=\"16\" fill=\"currentColor\" xmlns=\"http://www.w3.org/2000/svg\" aria-hidden=\"true\"><path d=\"M500.333 0h-47.411c-6.853 0-12.314 5.729-11.986 12.574l3.966 82.759C399.416 41.899 331.672 8 256.001 8 119.34 8 7.899 119.526 8 256.187 8.101 393.068 119.096 504 256 504c63.926 0 122.202-24.187 166.178-63.908 5.113-4.618 5.354-12.561.482-17.433l-33.971-33.971c-4.466-4.466-11.64-4.717-16.38-.543C341.308 415.448 300.606 432 256 432c-97.267 0-176-78.716-176-176 0-97.267 78.716-176 176-176 60.892 0 114.506 30.858 146.099 77.8l-101.525-4.865c-6.845-.328-12.574 5.133-12.574 11.986v47.411c0 6.627 5.373 12 12 12h200.333c6.627 0 12-5.373 12-12V12c0-6.627-5.373-12-12-12z\"></path></svg></div><span class=\"kt-svg-icon-list-text\">Free Returns On All Orders</span></li><li class=\"kt-svg-icon-list-style-default kt-svg-icon-list-item-wrap kt-svg-icon-list-item-1 kt-svg-icon-list-level-0\"><div style=\"display:inline-flex;justify-content:center;align-items:center\" class=\"kt-svg-icon-list-single kt-svg-icon-list-single-fas_box\"><svg style=\"display:inline-block;vertical-align:middle\" viewBox=\"0 0 512 512\" height=\"16\" width=\"16\" fill=\"currentColor\" xmlns=\"http://www.w3.org/2000/svg\" aria-hidden=\"true\"><path d=\"M509.5 184.6L458.9 32.8C452.4 13.2 434.1 0 413.4 0H272v192h238.7c-.4-2.5-.4-5-1.2-7.4zM240 0H98.6c-20.7 0-39 13.2-45.5 32.8L2.5 184.6c-.8 2.4-.8 4.9-1.2 7.4H240V0zM0 224v240c0 26.5 21.5 48 48 48h416c26.5 0 48-21.5 48-48V224H0z\"></path></svg></div><span class=\"kt-svg-icon-list-text\">Free Standard Over $75</span></li><li class=\"kt-svg-icon-list-style-default kt-svg-icon-list-item-wrap kt-svg-icon-list-item-2 kt-svg-icon-list-level-0\"><div style=\"display:inline-flex;justify-content:center;align-items:center\" class=\"kt-svg-icon-list-single kt-svg-icon-list-single-fas_truck-moving\"><svg style=\"display:inline-block;vertical-align:middle\" viewBox=\"0 0 640 512\" height=\"16\" width=\"16\" fill=\"currentColor\" xmlns=\"http://www.w3.org/2000/svg\" aria-hidden=\"true\"><path d=\"M621.3 237.3l-58.5-58.5c-12-12-28.3-18.7-45.3-18.7H480V64c0-17.7-14.3-32-32-32H32C14.3 32 0 46.3 0 64v336c0 44.2 35.8 80 80 80 26.3 0 49.4-12.9 64-32.4 14.6 19.6 37.7 32.4 64 32.4 44.2 0 80-35.8 80-80 0-5.5-.6-10.8-1.6-16h163.2c-1.1 5.2-1.6 10.5-1.6 16 0 44.2 35.8 80 80 80s80-35.8 80-80c0-5.5-.6-10.8-1.6-16H624c8.8 0 16-7.2 16-16v-85.5c0-17-6.7-33.2-18.7-45.2zM80 432c-17.6 0-32-14.4-32-32s14.4-32 32-32 32 14.4 32 32-14.4 32-32 32zm128 0c-17.6 0-32-14.4-32-32s14.4-32 32-32 32 14.4 32 32-14.4 32-32 32zm272-224h37.5c4.3 0 8.3 1.7 11.3 4.7l43.3 43.3H480v-48zm48 224c-17.6 0-32-14.4-32-32s14.4-32 32-32 32 14.4 32 32-14.4 32-32 32z\"></path></svg></div><span class=\"kt-svg-icon-list-text\">Free Express over $150</span></li></ul></div>\n<!-- /wp:kadence/iconlist --></div></div>\n<!-- /wp:kadence/column -->\n\n<!-- wp:kadence-wootemplate-blocks/tabs {\"uniqueID\":\"_2233e3-c0\",\"style\":[\"accordion\",\"\",\"\"],\"typography\":[{\"size\":[\"\",\"\",\"\"],\"sizeType\":\"px\",\"lineHeight\":[\"\",\"\",\"\"],\"lineType\":\"px\",\"letterSpacing\":[\"\",\"\",\"\"],\"letterSpacingType\":\"px\",\"textTransform\":\"uppercase\",\"family\":\"\",\"google\":\"\",\"style\":\"\",\"weight\":\"bold\",\"variant\":\"\",\"subset\":\"\",\"loadGoogle\":true}],\"disabledTabs\":{\"additional_information\":{\"disabled\":true,\"priority\":35},\"reviews\":{\"disabled\":true,\"priority\":30}},\"removeHeadings\":true} /--></div></div>\n<!-- /wp:kadence/column --></div></div>\n<!-- /wp:kadence/column -->\n\n<!-- wp:kadence-wootemplate-blocks/reviews {\"uniqueID\":\"_24180c-79\",\"margin\":[60,\"\",\"\",\"\"],\"layout\":[\"rows\",\"\",\"\"]} /--></div></div>\n<!-- /wp:kadence/column --></div></div></div>\n<!-- /wp:kadence/rowlayout -->\n\n<!-- wp:kadence/rowlayout {\"uniqueID\":\"_085493-4f\",\"columns\":1,\"colLayout\":\"equal\",\"topPadding\":100,\"bottomPadding\":100,\"bgColor\":\"palette8\",\"inheritMaxWidth\":true,\"bgColorClass\":\"theme-palette8\",\"inQueryBlock\":true} -->\n<div class=\"wp-block-kadence-rowlayout alignnone\"><div id=\"kt-layout-id_085493-4f\" class=\"kt-row-layout-inner kt-row-has-bg kt-layout-id_085493-4f has-theme-palette-8-background-color\"><div class=\"kt-row-column-wrap kt-has-1-columns kt-gutter-default kt-v-gutter-default kt-row-valign-top kt-row-layout-equal kt-tab-layout-inherit kt-m-colapse-left-to-right kt-mobile-layout-row kb-theme-content-width\"><!-- wp:kadence/column {\"uniqueID\":\"_2d5c7c-63\",\"inQueryBlock\":true} -->\n<div class=\"wp-block-kadence-column inner-column-1 kadence-column_2d5c7c-63\"><div class=\"kt-inside-inner-col\"><!-- wp:kadence/tabs {\"uniqueID\":\"_521ba1-44\",\"tabCount\":2,\"contentBgColor\":\"palette8\",\"contentBorderColor\":\"#eeeeee\",\"contentBorder\":[0,0,0,0],\"contentBorderControl\":\"individual\",\"innerPadding\":[40,0,0,0],\"innerPaddingControl\":\"individual\",\"tabAlignment\":\"center\",\"titles\":[{\"text\":\"Wear it with\",\"icon\":\"\",\"iconSide\":\"right\",\"onlyIcon\":false,\"subText\":\"\",\"anchor\":\"\"},{\"text\":\"You Might Like\",\"icon\":\"\",\"iconSide\":\"right\",\"onlyIcon\":false,\"subText\":\"\",\"anchor\":\"\"}],\"titleColor\":\"palette6\",\"titleColorHover\":\"palette5\",\"titleColorActive\":\"palette3\",\"titleBg\":\"palette8\",\"titleBgHover\":\"palette8\",\"titleBgActive\":\"palette8\",\"titleBorder\":\"palette7\",\"titleBorderHover\":\"palette6\",\"titleBorderActive\":\"palette3\",\"titleBorderWidth\":[0,0,4,0],\"titleBorderRadius\":[4,4,0,0],\"titlePadding\":[8,20,8,20],\"titleMargin\":[0,8,0,0],\"size\":1,\"sizeType\":\"em\",\"lineHeight\":1.4,\"lineType\":\"em\",\"typography\":\"Montserrat\",\"googleFont\":true,\"fontSubset\":\"latin\",\"fontVariant\":\"700\",\"fontWeight\":\"700\",\"textTransform\":\"uppercase\",\"startTab\":1} -->\n<div class=\"wp-block-kadence-tabs alignnone\"><div class=\"kt-tabs-wrap kt-tabs-id_521ba1-44 kt-tabs-has-2-tabs kt-active-tab-1 kt-tabs-layout-tabs kt-tabs-tablet-layout-inherit kt-tabs-mobile-layout-inherit kt-tab-alignment-center \" style=\"max-width:none\"><ul class=\"kt-tabs-title-list\"><li id=\"tab-wearitwith\" class=\"kt-title-item kt-title-item-1 kt-tabs-svg-show-always kt-tabs-icon-side-right kt-tab-title-active\"><a href=\"#tab-wearitwith\" data-tab=\"1\" class=\"kt-tab-title kt-tab-title-1 \"><span class=\"kt-title-text\">Wear it with</span></a></li><li id=\"tab-youmightlike\" class=\"kt-title-item kt-title-item-2 kt-tabs-svg-show-always kt-tabs-icon-side-right kt-tab-title-inactive\"><a href=\"#tab-youmightlike\" data-tab=\"2\" class=\"kt-tab-title kt-tab-title-2 \"><span class=\"kt-title-text\">You Might Like</span></a></li></ul><div class=\"kt-tabs-content-wrap\"><!-- wp:kadence/tab {\"uniqueID\":\"_e9c1d8-13\"} -->\n<div class=\"wp-block-kadence-tab kt-tab-inner-content kt-inner-tab-1 kt-inner-tab_e9c1d8-13\"><div class=\"kt-tab-inner-content-inner\"><!-- wp:kadence-wootemplate-blocks/upsell {\"uniqueID\":\"_ed87ac-78\",\"color\":\"\",\"background\":\"palette8\",\"typography\":[{\"size\":[null,\"\",\"\"],\"sizeType\":\"px\",\"lineHeight\":[\"\",\"\",\"\"],\"lineType\":\"px\",\"letterSpacing\":[\"\",\"\",\"\"],\"letterSpacingType\":\"px\",\"textTransform\":\"\",\"family\":\"\",\"google\":\"\",\"style\":\"\",\"weight\":\"\",\"variant\":\"\",\"subset\":\"\",\"loadGoogle\":true}],\"removeHeading\":true} /--></div></div>\n<!-- /wp:kadence/tab -->\n\n<!-- wp:kadence/tab {\"id\":2,\"uniqueID\":\"_0d7b7c-5e\"} -->\n<div class=\"wp-block-kadence-tab kt-tab-inner-content kt-inner-tab-2 kt-inner-tab_0d7b7c-5e\"><div class=\"kt-tab-inner-content-inner\"><!-- wp:kadence-wootemplate-blocks/related {\"uniqueID\":\"_5ea1a7-02\",\"background\":\"palette8\",\"removeHeading\":true} /--></div></div>\n<!-- /wp:kadence/tab --></div></div></div>\n<!-- /wp:kadence/tabs --></div></div>\n<!-- /wp:kadence/column --></div></div></div>\n<!-- /wp:kadence/rowlayout -->",
		"description": "",
		"image": "https://skt.kadencewp.com/wp-content/uploads/2022/07/tiles.jpg",
		"imageW": 1000,
		"imageH": 860
	},
	"d4e5851f83005e6044ab5ebd23c9b9a9-85": {
		"slug": "d4e5851f83005e6044ab5ebd23c9b9a9-85",
		"name": "Loop Product",
		"categories": [],
		"keywords": [],
		"wootemplate": "loop",
		"pro": false,
		"locked": false,
		"content": "<!-- wp:kadence-wootemplate-blocks/image {\"uniqueID\":\"_23434c-ee\",\"isFull\":true} /-->\n\n<!-- wp:kadence/rowlayout {\"uniqueID\":\"_27e661-74\",\"columns\":1,\"colLayout\":\"equal\",\"topPadding\":12,\"bottomPadding\":20,\"leftPadding\":20,\"rightPadding\":20,\"bgColor\":\"palette9\",\"bgColorClass\":\"theme-palette9\",\"inQueryBlock\":true} -->\n<div class=\"wp-block-kadence-rowlayout alignnone\"><div id=\"kt-layout-id_27e661-74\" class=\"kt-row-layout-inner kt-row-has-bg kt-layout-id_27e661-74 has-theme-palette-9-background-color\"><div class=\"kt-row-column-wrap kt-has-1-columns kt-gutter-default kt-v-gutter-default kt-row-valign-top kt-row-layout-equal kt-tab-layout-inherit kt-m-colapse-left-to-right kt-mobile-layout-row\"><!-- wp:kadence/column {\"uniqueID\":\"_73eefe-f9\",\"inQueryBlock\":true} -->\n<div class=\"wp-block-kadence-column inner-column-1 kadence-column_73eefe-f9\"><div class=\"kt-inside-inner-col\"><!-- wp:kadence-wootemplate-blocks/title {\"uniqueID\":\"_02205d-98\"} /-->\n\n<!-- wp:kadence-wootemplate-blocks/rating {\"uniqueID\":\"_f4d7e5-1d\",\"padding\":[\"\",\"\",\"\",\"\"]} /-->\n\n<!-- wp:kadence-wootemplate-blocks/price {\"uniqueID\":\"_fc5d3d-2b\",\"typography\":[{\"size\":[\"\",\"\",\"\"],\"sizeType\":\"px\",\"lineHeight\":[\"\",\"\",\"\"],\"lineType\":\"px\",\"letterSpacing\":[\"\",\"\",\"\"],\"letterSpacingType\":\"px\",\"textTransform\":\"\",\"family\":\"\",\"google\":\"\",\"style\":\"\",\"weight\":\"bold\",\"variant\":\"\",\"subset\":\"\",\"loadGoogle\":true}]} /--></div></div>\n<!-- /wp:kadence/column --></div></div></div>\n<!-- /wp:kadence/rowlayout -->",
		"description": "",
		"image": "https://skt.kadencewp.com/wp-content/uploads/2022/07/basic_loop.jpg",
		"imageW": 1622,
		"imageH": 982
	},
	"d4e5851f83005e6044ab5ebd23c9b9a9-86": {
		"slug": "d4e5851f83005e6044ab5ebd23c9b9a9-86",
		"name": "Quickview Product",
		"categories": [],
		"keywords": [],
		"wootemplate": "quickview",
		"pro": false,
		"locked": false,
		"content": "<!-- wp:kadence/rowlayout {\"uniqueID\":\"660_9677f2-d5\",\"colLayout\":\"equal\",\"bgColor\":\"palette9\",\"bgColorClass\":\"theme-palette9\",\"inQueryBlock\":true,\"padding\":[0,0,0,0],\"kbVersion\":2} -->\n<!-- wp:kadence/column {\"borderWidth\":[\"\",\"\",\"\",\"\"],\"uniqueID\":\"660_0e9b52-17\",\"inQueryBlock\":true,\"kbVersion\":2,\"className\":\"inner-column-1\"} -->\n<div class=\"wp-block-kadence-column kadence-column660_0e9b52-17 inner-column-1\"><div class=\"kt-inside-inner-col\"><!-- wp:kadence-wootemplate-blocks/gallery {\"uniqueID\":\"_074ace-e1\",\"type\":[\"slider\",\"\",\"\"],\"showSale\":false,\"pagination\":false,\"arrows\":true} /--></div></div>\n<!-- /wp:kadence/column -->\n\n<!-- wp:kadence/column {\"id\":2,\"borderWidth\":[\"\",\"\",\"\",\"\"],\"uniqueID\":\"660_8f2f2c-63\",\"inQueryBlock\":true,\"kbVersion\":2,\"padding\":[\"md\",\"md\",\"md\", \"md\"]} -->\n<div class=\"wp-block-kadence-column kadence-column660_8f2f2c-63\"><div class=\"kt-inside-inner-col\"><!-- wp:kadence-wootemplate-blocks/title {\"uniqueID\":\"_02205d-98\"} /-->\n\n<!-- wp:kadence-wootemplate-blocks/rating {\"uniqueID\":\"_f4d7e5-1d\"} /-->\n\n<!-- wp:kadence-wootemplate-blocks/price {\"uniqueID\":\"_fc5d3d-2b\",\"typography\":[{\"size\":[\"\",\"\",\"\"],\"sizeType\":\"px\",\"lineHeight\":[\"\",\"\",\"\"],\"lineType\":\"px\",\"letterSpacing\":[\"\",\"\",\"\"],\"letterSpacingType\":\"px\",\"textTransform\":\"\",\"family\":\"\",\"google\":\"\",\"style\":\"\",\"weight\":\"bold\",\"variant\":\"\",\"subset\":\"\",\"loadGoogle\":true}]} /-->\n\n<!-- wp:kadence-wootemplate-blocks/excerpt {\"uniqueID\":\"_d789d9-44\"} /-->\n\n<!-- wp:kadence-wootemplate-blocks/add-to-cart {\"uniqueID\":\"_5fed8b-fd\"} /--></div></div>\n<!-- /wp:kadence/column -->\n<!-- /wp:kadence/rowlayout -->",
		"description": "",
		"image": "https://skt.kadencewp.com/wp-content/uploads/2022/07/basic_loop.jpg",
		"imageW": 1622,
		"imageH": 982
	}
}
