{"4cc096ea94950112a5615308a69d28a1-6":{"slug":"4cc096ea94950112a5615308a69d28a1-6","name":"Cookie Banner","categories":{"banner":"Banner"},"keywords":[],"conversion":"banner_cookie_bottom","pro":false,"locked":false,"content":"<!-- wp:kadence\/rowlayout {\"uniqueID\":\"_4c5c41-26\",\"columns\":1,\"colLayout\":\"equal\",\"bgColor\":\"#0d9488\",\"linkColor\":\"#ffffff\",\"linkHoverColor\":\"#ffffff\",\"inheritMaxWidth\":true} -->\n<div class=\"wp-block-kadence-rowlayout alignnone\"><div id=\"kt-layout-id_4c5c41-26\" class=\"kt-row-layout-inner kt-row-has-bg kt-layout-id_4c5c41-26\"><div class=\"kt-row-column-wrap kt-has-1-columns kt-gutter-default kt-v-gutter-default kt-row-valign-top kt-row-layout-equal kt-tab-layout-inherit kt-m-colapse-left-to-right kt-mobile-layout-row kb-theme-content-width\"><!-- wp:kadence\/column {\"uniqueID\":\"_576597-4a\",\"direction\":[\"horizontal\",\"\",\"\"],\"justifyContent\":[\"space-between\",\"\",\"\"]} -->\n<div class=\"wp-block-kadence-column inner-column-1 kadence-column_576597-4a\"><div class=\"kt-inside-inner-col\"><!-- wp:kadence\/infobox {\"uniqueID\":\"_f0db28-91\",\"linkProperty\":\"learnmore\",\"hAlign\":\"left\",\"containerBackgroundOpacity\":0,\"containerHoverBackground\":\"#ffffff\",\"containerHoverBackgroundOpacity\":0,\"containerBorderWidth\":[0,0,0,0],\"containerPadding\":[0,0,0,0],\"mediaAlign\":\"left\",\"mediaImage\":[{\"url\":\"\",\"id\":\"\",\"alt\":\"\",\"width\":\"\",\"height\":\"\",\"maxWidth\":100,\"hoverAnimation\":\"none\",\"flipUrl\":\"\",\"flipId\":\"\",\"flipAlt\":\"\",\"flipWidth\":\"\",\"flipHeight\":\"\",\"subtype\":\"\",\"flipSubtype\":\"\"}],\"mediaIcon\":[{\"icon\":\"fas_cookie-bite\",\"size\":50,\"width\":2,\"title\":\"\",\"color\":\"#115e59\",\"hoverColor\":\"#115e59\",\"hoverAnimation\":\"none\",\"flipIcon\":\"\"}],\"mediaStyle\":[{\"background\":\"rgba(255,255,255,0)\",\"hoverBackground\":\"rgba(255,255,255,0)\",\"border\":\"#eeeeee\",\"hoverBorder\":\"#eeeeee\",\"borderRadius\":0,\"borderWidth\":[0,0,0,0],\"padding\":[0,0,0,0],\"margin\":[0,20,0,0]}],\"titleColor\":\"#ffffff\",\"titleHoverColor\":\"#ffffff\",\"titleFont\":[{\"level\":2,\"size\":[16,\"\",\"\"],\"sizeType\":\"px\",\"lineHeight\":[1.8,\"\",\"\"],\"lineType\":\"em\",\"letterSpacing\":\"\",\"textTransform\":\"\",\"family\":\"-apple-system,BlinkMacSystemFont,\\u0022Segoe UI\\u0022,Roboto,Oxygen-Sans,Ubuntu,Cantarell,\\u0022Helvetica Neue\\u0022,sans-serif, \\u0022Apple Color Emoji\\u0022, \\u0022Segoe UI Emoji\\u0022, \\u0022Segoe UI Symbol\\u0022\",\"google\":false,\"style\":\"normal\",\"weight\":\"400\",\"variant\":\"\",\"subset\":\"\",\"loadGoogle\":true,\"padding\":[0,0,0,0],\"paddingControl\":\"linked\",\"margin\":[0,0,0,0],\"marginControl\":\"individual\"}],\"displayText\":false,\"containerMargin\":[\"\",\"\",\"\",\"\"]} -->\n<div id=\"kt-info-box_f0db28-91\" class=\"wp-block-kadence-infobox\"><div class=\"kt-blocks-info-box-link-wrap kt-blocks-info-box-media-align-left kt-info-halign-left\"><div class=\"kt-blocks-info-box-media-container\"><div class=\"kt-blocks-info-box-media kt-info-media-animate-none\"><div class=\"kadence-info-box-icon-container kt-info-icon-animate-none\"><div class=\"kadence-info-box-icon-inner-container\"><span style=\"display:block;justify-content:center;align-items:center\" class=\"kt-info-svg-icon kt-info-svg-icon-fas_cookie-bite\"><svg style=\"display:inline-block;vertical-align:middle\" viewbox=\"0 0 512 512\" height=\"50\" width=\"50\" fill=\"currentColor\" xmlns=\"http:\/\/www.w3.org\/2000\/svg\" aria-hidden=\"true\"><path d=\"M510.52 255.82c-69.97-.85-126.47-57.69-126.47-127.86-70.17 0-127-56.49-127.86-126.45-27.26-4.14-55.13.3-79.72 12.82l-69.13 35.22a132.221 132.221 0 0 0-57.79 57.81l-35.1 68.88a132.645 132.645 0 0 0-12.82 80.95l12.08 76.27a132.521 132.521 0 0 0 37.16 72.96l54.77 54.76a132.036 132.036 0 0 0 72.71 37.06l76.71 12.15c27.51 4.36 55.7-.11 80.53-12.76l69.13-35.21a132.273 132.273 0 0 0 57.79-57.81l35.1-68.88c12.56-24.64 17.01-52.58 12.91-79.91zM176 368c-17.67 0-32-14.33-32-32s14.33-32 32-32 32 14.33 32 32-14.33 32-32 32zm32-160c-17.67 0-32-14.33-32-32s14.33-32 32-32 32 14.33 32 32-14.33 32-32 32zm160 128c-17.67 0-32-14.33-32-32s14.33-32 32-32 32 14.33 32 32-14.33 32-32 32z\"><\/path><\/svg><\/span><\/div><\/div><\/div><\/div><div class=\"kt-infobox-textcontent\"><h2 class=\"kt-blocks-info-box-title\"><meta charset=\"utf-8\"\/>We use cookies on this site to enhance your user experience.<br\/>For a complete overview of the cookies used, see our <a href=\"#link\" data-type=\"internal\" data-id=\"#link\">cookie policy<\/a>.<\/h2><\/div><\/div><\/div>\n<!-- \/wp:kadence\/infobox -->\n\n<!-- wp:kadence\/advancedbtn {\"btnCount\":2,\"uniqueID\":\"_0362bc-27\",\"btns\":[{\"text\":\"Cookie Policy\",\"link\":\"\",\"target\":\"_self\",\"size\":16,\"paddingBT\":8,\"paddingLR\":20,\"color\":\"#ffffff\",\"background\":\"#0f766e\",\"border\":\"#555555\",\"backgroundOpacity\":0,\"borderOpacity\":1,\"borderRadius\":0,\"borderWidth\":0,\"colorHover\":\"rgba(255,255,255,0.83)\",\"backgroundHover\":\"#0d9488\",\"borderHover\":\"#444444\",\"backgroundHoverOpacity\":1,\"borderHoverOpacity\":1,\"icon\":\"\",\"iconSide\":\"right\",\"iconHover\":false,\"cssClass\":\"\",\"noFollow\":false,\"gap\":5,\"responsiveSize\":[\"\",\"\"],\"gradient\":[\"#999999\",1,0,100,\"linear\",180,\"center center\"],\"gradientHover\":[\"#777777\",1,0,100,\"linear\",180,\"center center\"],\"btnStyle\":\"basic\",\"btnSize\":\"custom\",\"backgroundType\":\"solid\",\"backgroundHoverType\":\"solid\",\"width\":[\"\",\"\",\"\"],\"responsivePaddingBT\":[\"\",\"\"],\"responsivePaddingLR\":[\"\",\"\"],\"boxShadow\":[false,\"#000000\",0.2,1,1,2,0,false],\"boxShadowHover\":[false,\"#000000\",0.4,2,2,3,0,false],\"sponsored\":false,\"download\":false,\"tabletGap\":\"\",\"mobileGap\":\"\",\"inheritStyles\":\"\",\"iconSize\":[\"\",\"\",\"\"],\"iconPadding\":[\"\",\"\",\"\",\"\"],\"iconTabletPadding\":[\"\",\"\",\"\",\"\"],\"iconMobilePadding\":[\"\",\"\",\"\",\"\"],\"onlyIcon\":[false,\"\",\"\"],\"iconColor\":\"\",\"iconColorHover\":\"\",\"sizeType\":\"px\",\"iconSizeType\":\"px\",\"label\":\"\",\"marginUnit\":\"px\",\"margin\":[\"\",\"\",\"\",\"\"],\"tabletMargin\":[\"\",\"\",\"\",\"\"],\"mobileMargin\":[\"\",\"\",\"\",\"\"]},{\"text\":\"ACCEPT\",\"link\":\"\",\"target\":\"_self\",\"size\":16,\"paddingBT\":12,\"paddingLR\":50,\"color\":\"#ffffff\",\"background\":\"#0f766e\",\"border\":\"#555555\",\"backgroundOpacity\":1,\"borderOpacity\":1,\"borderRadius\":0,\"borderWidth\":0,\"colorHover\":\"#ffffff\",\"backgroundHover\":\"#115e59\",\"borderHover\":\"#444444\",\"backgroundHoverOpacity\":1,\"borderHoverOpacity\":1,\"icon\":\"\",\"iconSide\":\"right\",\"iconHover\":false,\"cssClass\":\"conversion-button\",\"noFollow\":false,\"gap\":5,\"responsiveSize\":[\"\",\"\"],\"gradient\":[\"#999999\",1,0,100,\"linear\",180,\"center center\"],\"gradientHover\":[\"#777777\",1,0,100,\"linear\",180,\"center center\"],\"btnStyle\":\"basic\",\"btnSize\":\"custom\",\"backgroundType\":\"solid\",\"backgroundHoverType\":\"solid\",\"width\":[\"\",\"\",\"\"],\"responsivePaddingBT\":[\"\",\"\"],\"responsivePaddingLR\":[\"\",\"\"],\"boxShadow\":[false,\"#000000\",0.2,1,1,2,0,false],\"boxShadowHover\":[false,\"#000000\",0.4,2,2,3,0,false],\"sponsored\":false,\"download\":false,\"tabletGap\":\"\",\"mobileGap\":\"\",\"inheritStyles\":\"\",\"iconSize\":[\"\",\"\",\"\"],\"iconPadding\":[\"\",\"\",\"\",\"\"],\"iconTabletPadding\":[\"\",\"\",\"\",\"\"],\"iconMobilePadding\":[\"\",\"\",\"\",\"\"],\"onlyIcon\":[false,\"\",\"\"],\"iconColor\":\"\",\"iconColorHover\":\"\",\"sizeType\":\"px\",\"iconSizeType\":\"px\",\"label\":\"\",\"marginUnit\":\"px\",\"margin\":[\"\",\"\",\"\",\"\"],\"tabletMargin\":[\"\",\"\",\"\",\"\"],\"mobileMargin\":[\"\",\"\",\"\",\"\"]}],\"textTransform\":\"none\"} -->\n<div class=\"wp-block-kadence-advancedbtn kt-btn-align-center kt-btn-tablet-align-inherit kt-btn-mobile-align-inherit kt-btns-wrap kt-btns_0362bc-27\"><div class=\"kt-btn-wrap kt-btn-wrap-0\"><a class=\"kt-button button kt-btn-0-action kt-btn-size-custom kt-btn-style-basic kt-btn-svg-show-always kt-btn-has-text-true kt-btn-has-svg-false\" href=\"#\" style=\"border-radius:0px;border-width:0px\"><span class=\"kt-btn-inner-text\">Cookie Policy<\/span><\/a><\/div><div class=\"kt-btn-wrap kt-btn-wrap-1\"><a class=\"kt-button button kt-btn-1-action kt-btn-size-custom kt-btn-style-basic kt-btn-svg-show-always kt-btn-has-text-true kt-btn-has-svg-false conversion-button\" href=\"#\" style=\"border-radius:0px;border-width:0px\"><span class=\"kt-btn-inner-text\">ACCEPT<\/span><\/a><\/div><\/div>\n<!-- \/wp:kadence\/advancedbtn --><\/div><\/div>\n<!-- \/wp:kadence\/column --><\/div><\/div><\/div>\n<!-- \/wp:kadence\/rowlayout -->","description":"","image":"https:\/\/cpl.kadencewp.com\/wp-content\/uploads\/2021\/10\/Cookie-Banner.jpeg","imageW":1000,"imageH":400},"4cc096ea94950112a5615308a69d28a1-8":{"slug":"4cc096ea94950112a5615308a69d28a1-8","name":"Popup 01","categories":{"popup":"Popup"},"keywords":[],"conversion":"popup_standard","pro":false,"locked":false,"content":"<!-- wp:kadence\/rowlayout {\"uniqueID\":\"_716926-52\",\"colLayout\":\"equal\",\"minHeight\":400,\"leftPadding\":25,\"rightPadding\":25,\"bgImg\":\"https:\/\/cpl.kadencewp.com\/wp-content\/uploads\/2021\/10\/pexels-anna-nekrashevich-6203795.jpg\",\"bgImgPosition\":\"100% 50%\",\"verticalAlignment\":\"middle\"} -->\n<div class=\"wp-block-kadence-rowlayout alignnone\"><div id=\"kt-layout-id_716926-52\" class=\"kt-row-layout-inner kt-row-has-bg kt-layout-id_716926-52\"><div class=\"kt-row-column-wrap kt-has-2-columns kt-gutter-default kt-v-gutter-default kt-row-valign-middle kt-row-layout-equal kt-tab-layout-inherit kt-m-colapse-left-to-right kt-mobile-layout-row\"><!-- wp:kadence\/column {\"uniqueID\":\"_e6fa1e-ce\"} -->\n<div class=\"wp-block-kadence-column inner-column-1 kadence-column_e6fa1e-ce\"><div class=\"kt-inside-inner-col\"><!-- wp:kadence\/advancedheading {\"uniqueID\":\"_1c9b35-4f\",\"color\":\"#da491b\",\"letterSpacing\":1.2,\"typography\":\"Anton\",\"googleFont\":true,\"fontSubset\":\"latin\",\"fontVariant\":\"regular\",\"fontWeight\":\"400\",\"topMargin\":0,\"bottomMargin\":0,\"padding\":[0,\"\",0,\"\"],\"textTransform\":\"uppercase\",\"colorClass\":\"\",\"htmlTag\":\"p\"} -->\n<p class=\"kt-adv-heading_1c9b35-4f wp-block-kadence-advancedheading\" data-kb-block=\"kb-adv-heading_1c9b35-4f\">Get our free guide to<\/p>\n<!-- \/wp:kadence\/advancedheading -->\n\n<!-- wp:kadence\/advancedheading {\"uniqueID\":\"_935b48-9a\",\"color\":\"#1a202c\",\"size\":36,\"lineHeight\":1.1,\"lineType\":\"em\",\"letterSpacing\":1.7,\"typography\":\"Anton\",\"googleFont\":true,\"fontSubset\":\"latin\",\"fontVariant\":\"regular\",\"fontWeight\":\"400\",\"topMargin\":0,\"bottomMargin\":5,\"padding\":[5,\"\",5,\"\"],\"textTransform\":\"uppercase\",\"colorClass\":\"\"} -->\n<h2 class=\"kt-adv-heading_935b48-9a wp-block-kadence-advancedheading\" data-kb-block=\"kb-adv-heading_935b48-9a\">Generate more leads and boost your income<\/h2>\n<!-- \/wp:kadence\/advancedheading -->\n\n<!-- wp:kadence\/form {\"uniqueID\":\"_5027be-84\",\"postID\":\"8\",\"fields\":[{\"label\":\"Name\",\"showLabel\":false,\"placeholder\":\"Name\",\"default\":\"\",\"description\":\"\",\"rows\":4,\"options\":[{\"value\":\"\",\"label\":\"\"}],\"multiSelect\":false,\"inline\":false,\"showLink\":false,\"min\":\"\",\"max\":\"\",\"type\":\"text\",\"required\":false,\"width\":[\"100\",\"\",\"\"],\"auto\":\"\",\"errorMessage\":\"\",\"requiredMessage\":\"\"},{\"label\":\"Email\",\"showLabel\":false,\"placeholder\":\"Email\",\"default\":\"\",\"description\":\"\",\"rows\":4,\"options\":[{\"value\":\"\",\"label\":\"\"}],\"multiSelect\":false,\"inline\":false,\"showLink\":false,\"min\":\"\",\"max\":\"\",\"type\":\"email\",\"required\":true,\"width\":[\"100\",\"\",\"\"],\"auto\":\"\",\"errorMessage\":\"\",\"requiredMessage\":\"\"}],\"style\":[{\"showRequired\":true,\"size\":\"small\",\"deskPadding\":[\"\",\"\",\"\",\"\"],\"tabletPadding\":[\"\",\"\",\"\",\"\"],\"mobilePadding\":[\"\",\"\",\"\",\"\"],\"color\":\"\",\"requiredColor\":\"\",\"background\":\"\",\"border\":\"\",\"backgroundOpacity\":1,\"borderOpacity\":1,\"borderRadius\":\"\",\"borderWidth\":[\"\",\"\",\"\",\"\"],\"colorActive\":\"\",\"backgroundActive\":\"\",\"borderActive\":\"\",\"backgroundActiveOpacity\":1,\"borderActiveOpacity\":1,\"gradient\":[\"#999999\",1,0,100,\"linear\",180,\"center center\"],\"gradientActive\":[\"#777777\",1,0,100,\"linear\",180,\"center center\"],\"backgroundType\":\"solid\",\"backgroundActiveType\":\"solid\",\"boxShadow\":[false,\"#000000\",0.2,1,1,2,0,false],\"boxShadowActive\":[false,\"#000000\",0.4,2,2,3,0,false],\"fontSize\":[14,\"\",\"\"],\"fontSizeType\":\"px\",\"lineHeight\":[\"\",\"\",\"\"],\"lineType\":\"px\",\"rowGap\":10,\"rowGapType\":\"px\",\"gutter\":\"\",\"gutterType\":\"px\",\"tabletRowGap\":\"\",\"mobileRowGap\":\"\",\"tabletGutter\":\"\",\"mobileGutter\":\"\"}],\"submit\":[{\"label\":\"Get Free Guide\",\"width\":[\"100\",\"\",\"\"],\"size\":\"standard\",\"widthType\":\"full\",\"fixedWidth\":[\"\",\"\",\"\"],\"align\":[\"\",\"\",\"\"],\"deskPadding\":[\"\",\"\",\"\",\"\"],\"tabletPadding\":[\"\",\"\",\"\",\"\"],\"mobilePadding\":[\"\",\"\",\"\",\"\"],\"color\":\"#ffffff\",\"background\":\"#da491b\",\"border\":\"\",\"backgroundOpacity\":1,\"borderOpacity\":1,\"borderRadius\":\"\",\"borderWidth\":[\"\",\"\",\"\",\"\"],\"colorHover\":\"#ffffff\",\"backgroundHover\":\"#c2370c\",\"borderHover\":\"\",\"backgroundHoverOpacity\":1,\"borderHoverOpacity\":1,\"icon\":\"\",\"iconSide\":\"right\",\"iconHover\":false,\"cssClass\":\"\",\"gradient\":[\"#999999\",1,0,100,\"linear\",180,\"center center\"],\"gradientHover\":[\"#777777\",1,0,100,\"linear\",180,\"center center\"],\"btnStyle\":\"basic\",\"btnSize\":\"standard\",\"backgroundType\":\"solid\",\"backgroundHoverType\":\"solid\",\"boxShadow\":[false,\"#000000\",0.2,1,1,2,0,false],\"boxShadowHover\":[false,\"#000000\",0.4,2,2,3,0,false]}],\"submitFont\":[{\"size\":[\"\",\"\",\"\"],\"sizeType\":\"px\",\"lineHeight\":[\"\",\"\",\"\"],\"lineType\":\"px\",\"letterSpacing\":1.5,\"textTransform\":\"uppercase\",\"family\":\"Anton\",\"google\":true,\"style\":\"normal\",\"weight\":\"400\",\"variant\":\"regular\",\"subset\":\"latin\",\"loadGoogle\":true}],\"containerMargin\":[\"\",\"\",0,\"\"]} -->\n<div class=\"wp-block-kadence-form kadence-form-_5027be-84 kb-form-wrap\"><form class=\"kb-form\" action=\"\" method=\"post\"><div class=\"kadence-blocks-form-field kb-field-desk-width-100 kb-input-size-small\"><input name=\"kb_field_0\" id=\"kb_field__5027be-84_0\" data-label=\"Name\" type=\"text\" placeholder=\"Name\" value=\"\" data-type=\"text\" class=\"kb-field kb-text-style-field kb-text-field kb-field-0\"\/><\/div><div class=\"kadence-blocks-form-field kb-form-field-1 kb-field-desk-width-100 kb-input-size-small\"><input name=\"kb_field_1\" id=\"kb_field__5027be-84_1\" data-label=\"Email\" type=\"email\" placeholder=\"Email\" value=\"\" data-type=\"email\" class=\"kb-field kb-text-style-field kb-email-field kb-field-1\" data-required=\"yes\"\/><\/div><input type=\"hidden\" name=\"_kb_form_id\" value=\"_5027be-84\"\/><input type=\"hidden\" name=\"_kb_form_post_id\" value=\"8\"\/><input type=\"hidden\" name=\"action\" value=\"kb_process_ajax_submit\"\/><input class=\"kadence-blocks-field verify\" type=\"text\" name=\"_kb_verify_email\" autocomplete=\"off\" aria-hidden=\"true\" placeholder=\"Email\" tabindex=\"-1\"\/><div class=\"kadence-blocks-form-field kb-submit-field kb-field-desk-width-100\"><button class=\"kb-forms-submit button kb-button-size-standard kb-button-width-full\">Get Free Guide<\/button><\/div><\/form><\/div>\n<!-- \/wp:kadence\/form --><\/div><\/div>\n<!-- \/wp:kadence\/column -->\n\n<!-- wp:kadence\/column {\"id\":2,\"uniqueID\":\"_f0f656-1b\"} -->\n<div class=\"wp-block-kadence-column inner-column-2 kadence-column_f0f656-1b\"><div class=\"kt-inside-inner-col\"><\/div><\/div>\n<!-- \/wp:kadence\/column --><\/div><\/div><\/div>\n<!-- \/wp:kadence\/rowlayout -->","description":"","image":"https:\/\/cpl.kadencewp.com\/wp-content\/uploads\/2021\/10\/Popup-01-3.jpeg","imageW":1000,"imageH":560},"4cc096ea94950112a5615308a69d28a1-33":{"slug":"4cc096ea94950112a5615308a69d28a1-33","name":"Popup 02","categories":{"popup":"Popup"},"keywords":[],"conversion":"pop_button","pro":false,"locked":false,"content":"<!-- wp:kadence\/rowlayout {\"uniqueID\":\"_08904f-33\",\"colLayout\":\"equal\",\"minHeight\":400,\"topPadding\":0,\"bottomPadding\":0,\"leftPadding\":0,\"rightPadding\":0,\"bgColor\":\"#ffffff\",\"bgImgPosition\":\"100% 50%\",\"verticalAlignment\":\"middle\",\"columnsInnerHeight\":true} -->\n<div class=\"wp-block-kadence-rowlayout alignnone\"><div id=\"kt-layout-id_08904f-33\" class=\"kt-row-layout-inner kt-row-has-bg kt-layout-id_08904f-33\"><div class=\"kt-row-column-wrap kt-has-2-columns kt-gutter-default kt-v-gutter-default kt-row-valign-middle kt-row-layout-equal kt-tab-layout-inherit kt-m-colapse-left-to-right kt-mobile-layout-row kt-inner-column-height-full\"><!-- wp:kadence\/column {\"topPadding\":25,\"bottomPadding\":25,\"leftPadding\":25,\"uniqueID\":\"_41c437-2e\",\"verticalAlignment\":\"middle\"} -->\n<div class=\"wp-block-kadence-column inner-column-1 kadence-column_41c437-2e\"><div class=\"kt-inside-inner-col\"><!-- wp:kadence\/advancedheading {\"uniqueID\":\"_7c7ca4-90\",\"align\":\"center\",\"color\":\"#09adbe\",\"typography\":\"Montserrat\",\"googleFont\":true,\"fontSubset\":\"latin\",\"fontVariant\":\"800\",\"fontWeight\":\"800\",\"topMargin\":0,\"bottomMargin\":0,\"padding\":[0,\"\",0,\"\"],\"textTransform\":\"uppercase\",\"colorClass\":\"\",\"htmlTag\":\"p\"} -->\n<p class=\"kt-adv-heading_7c7ca4-90 wp-block-kadence-advancedheading\" data-kb-block=\"kb-adv-heading_7c7ca4-90\">Summer Sale<\/p>\n<!-- \/wp:kadence\/advancedheading -->\n\n<!-- wp:kadence\/advancedheading {\"uniqueID\":\"_062917-53\",\"align\":\"center\",\"color\":\"#1a202c\",\"size\":70,\"lineHeight\":1.1,\"lineType\":\"em\",\"letterSpacing\":-1.7,\"typography\":\"Bebas Neue\",\"googleFont\":true,\"fontSubset\":\"latin\",\"fontVariant\":\"regular\",\"fontWeight\":\"400\",\"topMargin\":0,\"bottomMargin\":0,\"padding\":[5,\"\",0,\"\"],\"textTransform\":\"uppercase\",\"colorClass\":\"\"} -->\n<h2 class=\"kt-adv-heading_062917-53 wp-block-kadence-advancedheading\" data-kb-block=\"kb-adv-heading_062917-53\">Up to 40% off<\/h2>\n<!-- \/wp:kadence\/advancedheading -->\n\n<!-- wp:kadence\/advancedheading {\"uniqueID\":\"_b4258e-c4\",\"align\":\"center\",\"color\":\"#1a202c\",\"size\":40,\"lineHeight\":1.1,\"lineType\":\"em\",\"typography\":\"Bebas Neue\",\"googleFont\":true,\"fontSubset\":\"latin\",\"fontVariant\":\"regular\",\"fontWeight\":\"400\",\"topMargin\":0,\"bottomMargin\":5,\"padding\":[0,\"\",5,\"\"],\"textTransform\":\"uppercase\",\"colorClass\":\"\"} -->\n<h2 class=\"kt-adv-heading_b4258e-c4 wp-block-kadence-advancedheading\" data-kb-block=\"kb-adv-heading_b4258e-c4\">While Supplies Last!<\/h2>\n<!-- \/wp:kadence\/advancedheading -->\n\n<!-- wp:kadence\/advancedbtn {\"uniqueID\":\"_67e4ed-15\",\"btns\":[{\"text\":\"Shop Now\",\"link\":\"\",\"target\":\"_self\",\"size\":\"\",\"paddingBT\":\"\",\"paddingLR\":\"\",\"color\":\"#ffffff\",\"background\":\"#09adbe\",\"border\":\"#09adbe\",\"backgroundOpacity\":1,\"borderOpacity\":1,\"borderRadius\":\"\",\"borderWidth\":0,\"colorHover\":\"#ffffff\",\"backgroundHover\":\"#0394a2\",\"borderHover\":\"#444444\",\"backgroundHoverOpacity\":1,\"borderHoverOpacity\":1,\"icon\":\"\",\"iconSide\":\"right\",\"iconHover\":false,\"cssClass\":\"conversion-button\",\"noFollow\":false,\"gap\":5,\"responsiveSize\":[\"\",\"\"],\"gradient\":[\"#999999\",1,0,100,\"linear\",180,\"center center\"],\"gradientHover\":[\"#777777\",1,0,100,\"linear\",180,\"center center\"],\"btnStyle\":\"basic\",\"btnSize\":\"standard\",\"backgroundType\":\"solid\",\"backgroundHoverType\":\"solid\",\"width\":[\"\",\"\",\"\"],\"responsivePaddingBT\":[\"\",\"\"],\"responsivePaddingLR\":[\"\",\"\"],\"boxShadow\":[false,\"#000000\",0.2,1,1,2,0,false],\"boxShadowHover\":[false,\"#000000\",0.4,2,2,3,0,false],\"sponsored\":false,\"download\":false,\"tabletGap\":\"\",\"mobileGap\":\"\",\"inheritStyles\":\"\",\"iconSize\":[\"\",\"\",\"\"],\"iconPadding\":[\"\",\"\",\"\",\"\"],\"iconTabletPadding\":[\"\",\"\",\"\",\"\"],\"iconMobilePadding\":[\"\",\"\",\"\",\"\"],\"onlyIcon\":[false,\"\",\"\"],\"iconColor\":\"\",\"iconColorHover\":\"\",\"sizeType\":\"px\",\"iconSizeType\":\"px\",\"label\":\"\",\"marginUnit\":\"px\",\"margin\":[\"\",\"\",\"\",\"\"],\"tabletMargin\":[\"\",\"\",\"\",\"\"],\"mobileMargin\":[\"\",\"\",\"\",\"\"]}],\"widthType\":\"full\",\"forceFullwidth\":true} -->\n<div class=\"wp-block-kadence-advancedbtn kt-btn-align-center kt-btn-tablet-align-inherit kt-btn-mobile-align-inherit kt-btns-wrap kt-btns_67e4ed-15 kt-force-btn-fullwidth\"><div class=\"kt-btn-wrap kt-btn-wrap-0\"><a class=\"kt-button button kt-btn-0-action kt-btn-size-standard kt-btn-style-basic kt-btn-svg-show-always kt-btn-has-text-true kt-btn-has-svg-false conversion-button\" href=\"#\" style=\"border-width:0px\"><span class=\"kt-btn-inner-text\">Shop Now<\/span><\/a><\/div><\/div>\n<!-- \/wp:kadence\/advancedbtn --><\/div><\/div>\n<!-- \/wp:kadence\/column -->\n\n<!-- wp:kadence\/column {\"id\":2,\"uniqueID\":\"_8fc8fc-b7\",\"backgroundImg\":[{\"bgImg\":\"https:\/\/cpl.kadencewp.com\/wp-content\/uploads\/2021\/10\/surfer-guy-1d-min-e1628712798193.jpeg\",\"bgImgID\":37,\"bgImgSize\":\"cover\",\"bgImgPosition\":\"center center\",\"bgImgAttachment\":\"scroll\",\"bgImgRepeat\":\"no-repeat\"}]} -->\n<div class=\"wp-block-kadence-column inner-column-2 kadence-column_8fc8fc-b7\"><div class=\"kt-inside-inner-col\"><\/div><\/div>\n<!-- \/wp:kadence\/column --><\/div><\/div><\/div>\n<!-- \/wp:kadence\/rowlayout -->","description":"","image":"https:\/\/cpl.kadencewp.com\/wp-content\/uploads\/2021\/10\/Popup-02-2.jpeg","imageW":1000,"imageH":560},"4cc096ea94950112a5615308a69d28a1-41":{"slug":"4cc096ea94950112a5615308a69d28a1-41","name":"Popup 03","categories":{"popup":"Popup"},"keywords":[],"conversion":"popup_standard","pro":false,"locked":false,"content":"<!-- wp:kadence\/rowlayout {\"uniqueID\":\"_286c8d-fd\",\"columnGutter\":\"none\",\"colLayout\":\"equal\",\"minHeight\":400,\"topPadding\":30,\"bottomPadding\":30,\"leftPadding\":30,\"rightPadding\":30,\"bgColor\":\"#e1ba2d\",\"bgImg\":\"https:\/\/cpl.kadencewp.com\/wp-content\/uploads\/2021\/10\/Free-Book-Cover-Mockup-For-Branding-1.jpg\",\"bgImgPosition\":\"17% 53%\",\"verticalAlignment\":\"middle\"} -->\n<div class=\"wp-block-kadence-rowlayout alignnone\"><div id=\"kt-layout-id_286c8d-fd\" class=\"kt-row-layout-inner kt-row-has-bg kt-layout-id_286c8d-fd\"><div class=\"kt-row-column-wrap kt-has-2-columns kt-gutter-none kt-v-gutter-default kt-row-valign-middle kt-row-layout-equal kt-tab-layout-inherit kt-m-colapse-left-to-right kt-mobile-layout-row\"><!-- wp:kadence\/column {\"uniqueID\":\"_afd0d4-81\"} -->\n<div class=\"wp-block-kadence-column inner-column-1 kadence-column_afd0d4-81\"><div class=\"kt-inside-inner-col\"><\/div><\/div>\n<!-- \/wp:kadence\/column -->\n\n<!-- wp:kadence\/column {\"id\":2,\"uniqueID\":\"_07a8af-92\"} -->\n<div class=\"wp-block-kadence-column inner-column-2 kadence-column_07a8af-92\"><div class=\"kt-inside-inner-col\"><!-- wp:kadence\/advancedheading {\"uniqueID\":\"_6c4e92-86\",\"color\":\"#1a202c\",\"size\":41,\"lineHeight\":1.1,\"lineType\":\"em\",\"typography\":\"Montserrat\",\"googleFont\":true,\"fontSubset\":\"latin\",\"fontVariant\":\"900\",\"fontWeight\":\"900\",\"topMargin\":0,\"bottomMargin\":5,\"padding\":[5,\"\",5,\"\"],\"textTransform\":\"uppercase\",\"colorClass\":\"\"} -->\n<h2 class=\"kt-adv-heading_6c4e92-86 wp-block-kadence-advancedheading\" data-kb-block=\"kb-adv-heading_6c4e92-86\">FREE EBOOK<\/h2>\n<!-- \/wp:kadence\/advancedheading -->\n\n<!-- wp:kadence\/advancedheading {\"uniqueID\":\"_c1e8df-49\",\"size\":12,\"bottomMargin\":15,\"htmlTag\":\"p\"} -->\n<p class=\"kt-adv-heading_c1e8df-49 wp-block-kadence-advancedheading\" data-kb-block=\"kb-adv-heading_c1e8df-49\">Sed aliquam vulputate magna, in tempor lorem ornare id. Fusce mollis, magna non vestibulum pharetra, lacus nibh pellentesque augue<\/p>\n<!-- \/wp:kadence\/advancedheading -->\n\n<!-- wp:kadence\/form {\"uniqueID\":\"_a52adc-f1\",\"postID\":\"41\",\"fields\":[{\"label\":\"Name\",\"showLabel\":false,\"placeholder\":\"Name\",\"default\":\"\",\"description\":\"\",\"rows\":4,\"options\":[{\"value\":\"\",\"label\":\"\"}],\"multiSelect\":false,\"inline\":false,\"showLink\":false,\"min\":\"\",\"max\":\"\",\"type\":\"text\",\"required\":false,\"width\":[\"100\",\"\",\"\"],\"auto\":\"\",\"errorMessage\":\"\",\"requiredMessage\":\"\"},{\"label\":\"Email\",\"showLabel\":false,\"placeholder\":\"Email\",\"default\":\"\",\"description\":\"\",\"rows\":4,\"options\":[{\"value\":\"\",\"label\":\"\"}],\"multiSelect\":false,\"inline\":false,\"showLink\":false,\"min\":\"\",\"max\":\"\",\"type\":\"email\",\"required\":true,\"width\":[\"100\",\"\",\"\"],\"auto\":\"\",\"errorMessage\":\"\",\"requiredMessage\":\"\"}],\"style\":[{\"showRequired\":true,\"size\":\"small\",\"deskPadding\":[\"\",\"\",\"\",\"\"],\"tabletPadding\":[\"\",\"\",\"\",\"\"],\"mobilePadding\":[\"\",\"\",\"\",\"\"],\"color\":\"#1a202c\",\"requiredColor\":\"\",\"background\":\"#ffffff\",\"border\":\"#ffffff\",\"backgroundOpacity\":0.72,\"borderOpacity\":0,\"borderRadius\":\"\",\"borderWidth\":[\"\",\"\",\"\",\"\"],\"colorActive\":\"#000000\",\"backgroundActive\":\"palette9\",\"borderActive\":\"#000000\",\"backgroundActiveOpacity\":1,\"borderActiveOpacity\":0,\"gradient\":[\"#999999\",1,0,100,\"linear\",180,\"center center\"],\"gradientActive\":[\"#777777\",1,0,100,\"linear\",180,\"center center\"],\"backgroundType\":\"solid\",\"backgroundActiveType\":\"solid\",\"boxShadow\":[false,\"#000000\",0.2,1,1,2,0,false],\"boxShadowActive\":[false,\"#000000\",0.4,2,2,3,0,false],\"fontSize\":[14,\"\",\"\"],\"fontSizeType\":\"px\",\"lineHeight\":[\"\",\"\",\"\"],\"lineType\":\"px\",\"rowGap\":10,\"rowGapType\":\"px\",\"gutter\":\"\",\"gutterType\":\"px\",\"tabletRowGap\":\"\",\"mobileRowGap\":\"\",\"tabletGutter\":\"\",\"mobileGutter\":\"\"}],\"submit\":[{\"label\":\"Get Free Ebook\",\"width\":[\"100\",\"\",\"\"],\"size\":\"standard\",\"widthType\":\"full\",\"fixedWidth\":[\"\",\"\",\"\"],\"align\":[\"\",\"\",\"\"],\"deskPadding\":[\"\",\"\",\"\",\"\"],\"tabletPadding\":[\"\",\"\",\"\",\"\"],\"mobilePadding\":[\"\",\"\",\"\",\"\"],\"color\":\"#ffffff\",\"background\":\"#ce001a\",\"border\":\"\",\"backgroundOpacity\":1,\"borderOpacity\":1,\"borderRadius\":\"\",\"borderWidth\":[\"\",\"\",\"\",\"\"],\"colorHover\":\"#ffffff\",\"backgroundHover\":\"#990012\",\"borderHover\":\"\",\"backgroundHoverOpacity\":1,\"borderHoverOpacity\":1,\"icon\":\"\",\"iconSide\":\"right\",\"iconHover\":false,\"cssClass\":\"\",\"gradient\":[\"#999999\",1,0,100,\"linear\",180,\"center center\"],\"gradientHover\":[\"#777777\",1,0,100,\"linear\",180,\"center center\"],\"btnStyle\":\"basic\",\"btnSize\":\"standard\",\"backgroundType\":\"solid\",\"backgroundHoverType\":\"solid\",\"boxShadow\":[false,\"#000000\",0.2,1,1,2,0,false],\"boxShadowHover\":[false,\"#000000\",0.4,2,2,3,0,false]}],\"submitFont\":[{\"size\":[\"\",\"\",\"\"],\"sizeType\":\"px\",\"lineHeight\":[\"\",\"\",\"\"],\"lineType\":\"px\",\"letterSpacing\":1.5,\"textTransform\":\"uppercase\",\"family\":\"Anton\",\"google\":true,\"style\":\"normal\",\"weight\":\"400\",\"variant\":\"regular\",\"subset\":\"latin\",\"loadGoogle\":true}]} -->\n<div class=\"wp-block-kadence-form kadence-form-_a52adc-f1 kb-form-wrap\"><form class=\"kb-form\" action=\"\" method=\"post\"><div class=\"kadence-blocks-form-field kb-field-desk-width-100 kb-input-size-small\"><input name=\"kb_field_0\" id=\"kb_field__a52adc-f1_0\" data-label=\"Name\" type=\"text\" placeholder=\"Name\" value=\"\" data-type=\"text\" class=\"kb-field kb-text-style-field kb-text-field kb-field-0\"\/><\/div><div class=\"kadence-blocks-form-field kb-form-field-1 kb-field-desk-width-100 kb-input-size-small\"><input name=\"kb_field_1\" id=\"kb_field__a52adc-f1_1\" data-label=\"Email\" type=\"email\" placeholder=\"Email\" value=\"\" data-type=\"email\" class=\"kb-field kb-text-style-field kb-email-field kb-field-1\" data-required=\"yes\"\/><\/div><input type=\"hidden\" name=\"_kb_form_id\" value=\"_a52adc-f1\"\/><input type=\"hidden\" name=\"_kb_form_post_id\" value=\"41\"\/><input type=\"hidden\" name=\"action\" value=\"kb_process_ajax_submit\"\/><input class=\"kadence-blocks-field verify\" type=\"text\" name=\"_kb_verify_email\" autocomplete=\"off\" aria-hidden=\"true\" placeholder=\"Email\" tabindex=\"-1\"\/><div class=\"kadence-blocks-form-field kb-submit-field kb-field-desk-width-100\"><button class=\"kb-forms-submit button kb-button-size-standard kb-button-width-full\">Get Free Ebook<\/button><\/div><\/form><\/div>\n<!-- \/wp:kadence\/form --><\/div><\/div>\n<!-- \/wp:kadence\/column --><\/div><\/div><\/div>\n<!-- \/wp:kadence\/rowlayout -->","description":"","image":"https:\/\/cpl.kadencewp.com\/wp-content\/uploads\/2021\/10\/Popup-03-2.jpeg","imageW":1000,"imageH":560},"4cc096ea94950112a5615308a69d28a1-72":{"slug":"4cc096ea94950112a5615308a69d28a1-72","name":"Popup 04","categories":{"popup":"Popup"},"keywords":[],"conversion":"full_pop","pro":false,"locked":false,"content":"<!-- wp:kadence\/advancedheading {\"uniqueID\":\"_7cb056-17\",\"align\":\"center\",\"color\":\"#ffffff\",\"size\":100,\"lineHeight\":1,\"lineType\":\"em\",\"typography\":\"Allan\",\"googleFont\":true,\"fontSubset\":\"latin\",\"fontVariant\":\"700\",\"fontWeight\":\"700\",\"topMargin\":0,\"bottomMargin\":10,\"padding\":[0,\"\",0,\"\"],\"colorClass\":\"\"} -->\n<h2 class=\"kt-adv-heading_7cb056-17 wp-block-kadence-advancedheading\" data-kb-block=\"kb-adv-heading_7cb056-17\">Hold On!<\/h2>\n<!-- \/wp:kadence\/advancedheading -->\n\n<!-- wp:kadence\/spacer {\"spacerHeight\":6,\"dividerColor\":\"#ffffff\",\"dividerWidth\":12,\"dividerHeight\":4,\"uniqueID\":\"_c3d616-10\"} -->\n<div class=\"wp-block-kadence-spacer aligncenter kt-block-spacer-_c3d616-10\"><div class=\"kt-block-spacer kt-block-spacer-halign-center\" style=\"height:6px\"><hr class=\"kt-divider\" style=\"border-top-color:#ffffff;border-top-width:4px;width:12%;border-top-style:solid\"\/><\/div><\/div>\n<!-- \/wp:kadence\/spacer -->\n\n<!-- wp:kadence\/advancedheading {\"level\":3,\"uniqueID\":\"_29cb40-1c\",\"align\":\"center\",\"color\":\"#ffffff\",\"typography\":\"-apple-system,BlinkMacSystemFont,\\u0022Segoe UI\\u0022,Roboto,Oxygen-Sans,Ubuntu,Cantarell,\\u0022Helvetica Neue\\u0022,sans-serif, \\u0022Apple Color Emoji\\u0022, \\u0022Segoe UI Emoji\\u0022, \\u0022Segoe UI Symbol\\u0022\",\"fontWeight\":\"600\",\"topMargin\":15,\"bottomMargin\":20,\"padding\":[0,\"\",0,\"\"],\"markTypography\":\"-apple-system,BlinkMacSystemFont,\\u0022Segoe UI\\u0022,Roboto,Oxygen-Sans,Ubuntu,Cantarell,\\u0022Helvetica Neue\\u0022,sans-serif, \\u0022Apple Color Emoji\\u0022, \\u0022Segoe UI Emoji\\u0022, \\u0022Segoe UI Symbol\\u0022\",\"markFontWeight\":\"900\",\"markColor\":\"palette9\",\"markPadding\":[0,0,0,0],\"textTransform\":\"uppercase\",\"colorClass\":\"\"} -->\n<h3 class=\"kt-adv-heading_29cb40-1c wp-block-kadence-advancedheading\" data-kb-block=\"kb-adv-heading_29cb40-1c\"><mark class=\"kt-highlight\">Get a 10%<\/mark> Discount Immediately<\/h3>\n<!-- \/wp:kadence\/advancedheading -->\n\n<!-- wp:kadence\/rowlayout {\"uniqueID\":\"_3e8bcd-5a\",\"columns\":1,\"colLayout\":\"equal\",\"maxWidth\":700,\"topPadding\":0,\"bottomPadding\":0,\"leftPadding\":0,\"rightPadding\":0} -->\n<div class=\"wp-block-kadence-rowlayout alignnone\"><div id=\"kt-layout-id_3e8bcd-5a\" class=\"kt-row-layout-inner kt-layout-id_3e8bcd-5a\"><div class=\"kt-row-column-wrap kt-has-1-columns kt-gutter-default kt-v-gutter-default kt-row-valign-top kt-row-layout-equal kt-tab-layout-inherit kt-m-colapse-left-to-right kt-mobile-layout-row\"><!-- wp:kadence\/column {\"uniqueID\":\"_c8dfe0-28\"} -->\n<div class=\"wp-block-kadence-column inner-column-1 kadence-column_c8dfe0-28\"><div class=\"kt-inside-inner-col\"><!-- wp:kadence\/form {\"uniqueID\":\"_36c468-5e\",\"postID\":\"72\",\"fields\":[{\"label\":\"Email\",\"showLabel\":false,\"placeholder\":\"Your Email\",\"default\":\"\",\"description\":\"\",\"rows\":4,\"options\":[{\"value\":\"\",\"label\":\"\"}],\"multiSelect\":false,\"inline\":false,\"showLink\":false,\"min\":\"\",\"max\":\"\",\"type\":\"email\",\"required\":true,\"width\":[\"50\",\"\",\"\"],\"auto\":\"\",\"errorMessage\":\"\",\"requiredMessage\":\"\"}],\"style\":[{\"showRequired\":true,\"size\":\"custom\",\"deskPadding\":[10,10,10,10],\"tabletPadding\":[\"\",\"\",\"\",\"\"],\"mobilePadding\":[\"\",\"\",\"\",\"\"],\"color\":\"\",\"requiredColor\":\"\",\"background\":\"#ffffff\",\"border\":\"#ffffff\",\"backgroundOpacity\":1,\"borderOpacity\":1,\"borderRadius\":\"\",\"borderWidth\":[null,null,null,null],\"colorActive\":\"\",\"backgroundActive\":\"\",\"borderActive\":\"\",\"backgroundActiveOpacity\":1,\"borderActiveOpacity\":1,\"gradient\":[\"#999999\",1,0,100,\"linear\",180,\"center center\"],\"gradientActive\":[\"#777777\",1,0,100,\"linear\",180,\"center center\"],\"backgroundType\":\"solid\",\"backgroundActiveType\":\"solid\",\"boxShadow\":[false,\"#000000\",0.2,1,1,2,0,false],\"boxShadowActive\":[false,\"#000000\",0.4,2,2,3,0,false],\"fontSize\":[16,\"\",\"\"],\"fontSizeType\":\"px\",\"lineHeight\":[1,\"\",\"\"],\"lineType\":\"em\",\"rowGap\":0,\"rowGapType\":\"px\",\"gutter\":\"\",\"gutterType\":\"px\",\"tabletRowGap\":\"\",\"mobileRowGap\":\"\",\"tabletGutter\":\"\",\"mobileGutter\":\"\"}],\"submit\":[{\"label\":\"Yes, Please!\",\"width\":[\"50\",\"\",\"\"],\"size\":\"custom\",\"widthType\":\"full\",\"fixedWidth\":[\"\",\"\",\"\"],\"align\":[\"\",\"\",\"\"],\"deskPadding\":[11,11,11,11],\"tabletPadding\":[\"\",\"\",\"\",\"\"],\"mobilePadding\":[\"\",\"\",\"\",\"\"],\"color\":\"#ffffff\",\"background\":\"#ec7e45\",\"border\":\"#ec7e45\",\"backgroundOpacity\":1,\"borderOpacity\":1,\"borderRadius\":\"\",\"borderWidth\":[1,1,1,1],\"colorHover\":\"#ffffff\",\"backgroundHover\":\"#d45f22\",\"borderHover\":\"#d45f22\",\"backgroundHoverOpacity\":1,\"borderHoverOpacity\":1,\"icon\":\"\",\"iconSide\":\"right\",\"iconHover\":false,\"cssClass\":\"\",\"gradient\":[\"#999999\",1,0,100,\"linear\",180,\"center center\"],\"gradientHover\":[\"#777777\",1,0,100,\"linear\",180,\"center center\"],\"btnStyle\":\"basic\",\"btnSize\":\"standard\",\"backgroundType\":\"solid\",\"backgroundHoverType\":\"solid\",\"boxShadow\":[false,\"#000000\",0.2,1,1,2,0,false],\"boxShadowHover\":[false,\"#000000\",0.4,2,2,3,0,false]}],\"submitFont\":[{\"size\":[16,\"\",\"\"],\"sizeType\":\"px\",\"lineHeight\":[1,\"\",\"\"],\"lineType\":\"em\",\"letterSpacing\":\"\",\"textTransform\":\"uppercase\",\"family\":\"-apple-system,BlinkMacSystemFont,\\u0022Segoe UI\\u0022,Roboto,Oxygen-Sans,Ubuntu,Cantarell,\\u0022Helvetica Neue\\u0022,sans-serif, \\u0022Apple Color Emoji\\u0022, \\u0022Segoe UI Emoji\\u0022, \\u0022Segoe UI Symbol\\u0022\",\"google\":false,\"style\":\"normal\",\"weight\":\"800\",\"variant\":\"\",\"subset\":\"\",\"loadGoogle\":true}]} -->\n<div class=\"wp-block-kadence-form kadence-form-_36c468-5e kb-form-wrap\"><form class=\"kb-form\" action=\"\" method=\"post\"><div class=\"kadence-blocks-form-field kb-field-desk-width-50 kb-input-size-custom\"><input name=\"kb_field_0\" id=\"kb_field__36c468-5e_0\" data-label=\"Email\" type=\"email\" placeholder=\"Your Email\" value=\"\" data-type=\"email\" class=\"kb-field kb-text-style-field kb-email-field kb-field-0\" data-required=\"yes\"\/><\/div><input type=\"hidden\" name=\"_kb_form_id\" value=\"_36c468-5e\"\/><input type=\"hidden\" name=\"_kb_form_post_id\" value=\"72\"\/><input type=\"hidden\" name=\"action\" value=\"kb_process_ajax_submit\"\/><input class=\"kadence-blocks-field verify\" type=\"text\" name=\"_kb_verify_email\" autocomplete=\"off\" aria-hidden=\"true\" placeholder=\"Email\" tabindex=\"-1\"\/><div class=\"kadence-blocks-form-field kb-submit-field kb-field-desk-width-50\"><button class=\"kb-forms-submit button kb-button-size-custom kb-button-width-full\">Yes, Please!<\/button><\/div><\/form><\/div>\n<!-- \/wp:kadence\/form --><\/div><\/div>\n<!-- \/wp:kadence\/column --><\/div><\/div><\/div>\n<!-- \/wp:kadence\/rowlayout -->","description":"","image":"https:\/\/cpl.kadencewp.com\/wp-content\/uploads\/2021\/10\/Popup-04-2.jpeg","imageW":1000,"imageH":628},"4cc096ea94950112a5615308a69d28a1-106":{"slug":"4cc096ea94950112a5615308a69d28a1-106","name":"Popup 04","categories":{"popup":"Popup"},"keywords":[],"conversion":"popup_white","pro":false,"locked":false,"content":"<!-- wp:kadence\/rowlayout {\"uniqueID\":\"_3568d8-64\",\"columnGutter\":\"none\",\"colLayout\":\"right-golden\",\"topPadding\":0,\"bottomPadding\":0,\"leftPadding\":0,\"rightPadding\":0,\"bgColor\":\"#ffffff\",\"firstColumnWidth\":45,\"secondColumnWidth\":55} -->\n<div class=\"wp-block-kadence-rowlayout alignnone\"><div id=\"kt-layout-id_3568d8-64\" class=\"kt-row-layout-inner kt-row-has-bg kt-layout-id_3568d8-64\"><div class=\"kt-row-column-wrap kt-has-2-columns kt-gutter-none kt-v-gutter-default kt-row-valign-top kt-row-layout-right-golden kt-tab-layout-inherit kt-m-colapse-left-to-right kt-mobile-layout-row  kt-custom-first-width-45  kt-custom-second-width-55\"><!-- wp:kadence\/column {\"uniqueID\":\"_743f41-ed\"} -->\n<div class=\"wp-block-kadence-column inner-column-1 kadence-column_743f41-ed\"><div class=\"kt-inside-inner-col\"><!-- wp:image {\"id\":105,\"sizeSlug\":\"large\",\"linkDestination\":\"none\"} -->\n<figure class=\"wp-block-image size-large\"><img src=\"https:\/\/cpl.kadencewp.com\/wp-content\/uploads\/2021\/10\/alex-lvrs-On2VseHUDXw-unsplash-min-683x1024.jpg\" alt=\"\" class=\"wp-image-105\"\/><\/figure>\n<!-- \/wp:image --><\/div><\/div>\n<!-- \/wp:kadence\/column -->\n\n<!-- wp:kadence\/column {\"id\":2,\"topPadding\":30,\"bottomPadding\":30,\"leftPadding\":30,\"rightPadding\":30,\"uniqueID\":\"_58337a-a8\",\"verticalAlignment\":\"middle\"} -->\n<div class=\"wp-block-kadence-column inner-column-2 kadence-column_58337a-a8\"><div class=\"kt-inside-inner-col\"><!-- wp:kadence\/advancedheading {\"uniqueID\":\"_f00da4-8a\",\"align\":\"center\",\"size\":40,\"lineHeight\":1.2,\"lineType\":\"em\",\"typography\":\"Bilbo Swash Caps\",\"googleFont\":true,\"fontSubset\":\"latin\",\"fontVariant\":\"regular\",\"fontWeight\":\"400\",\"topMargin\":0,\"bottomMargin\":5,\"padding\":[0,\"\",0,\"\"],\"textTransform\":\"none\"} -->\n<h2 class=\"kt-adv-heading_f00da4-8a wp-block-kadence-advancedheading\" data-kb-block=\"kb-adv-heading_f00da4-8a\">Don't Miss a Recipe!<\/h2>\n<!-- \/wp:kadence\/advancedheading -->\n\n<!-- wp:kadence\/advancedheading {\"uniqueID\":\"_a35b4d-cc\",\"align\":\"center\",\"size\":17,\"lineHeight\":1.3,\"lineType\":\"em\",\"typography\":\"Noto Serif\",\"googleFont\":true,\"fontSubset\":\"latin\",\"fontVariant\":\"regular\",\"fontWeight\":\"400\",\"topMargin\":0,\"bottomMargin\":10,\"padding\":[0,\"\",0,\"\"],\"htmlTag\":\"p\"} -->\n<p class=\"kt-adv-heading_a35b4d-cc wp-block-kadence-advancedheading\" data-kb-block=\"kb-adv-heading_a35b4d-cc\">Subscribe today to get our weekly recipe newsletter! You don't want to miss out!<\/p>\n<!-- \/wp:kadence\/advancedheading -->\n\n<!-- wp:kadence\/form {\"uniqueID\":\"_079a6d-d0\",\"postID\":\"106\",\"fields\":[{\"label\":\"Name\",\"showLabel\":true,\"placeholder\":\"Enter Name\",\"default\":\"\",\"description\":\"\",\"rows\":4,\"options\":[{\"value\":\"\",\"label\":\"\"}],\"multiSelect\":false,\"inline\":false,\"showLink\":false,\"min\":\"\",\"max\":\"\",\"type\":\"text\",\"required\":false,\"width\":[\"100\",\"\",\"\"],\"auto\":\"\",\"errorMessage\":\"\",\"requiredMessage\":\"\"},{\"label\":\"Email\",\"showLabel\":true,\"placeholder\":\"Enter Email\",\"default\":\"\",\"description\":\"\",\"rows\":4,\"options\":[{\"value\":\"\",\"label\":\"\"}],\"multiSelect\":false,\"inline\":false,\"showLink\":false,\"min\":\"\",\"max\":\"\",\"type\":\"email\",\"required\":true,\"width\":[\"100\",\"\",\"\"],\"auto\":\"\",\"errorMessage\":\"\",\"requiredMessage\":\"\"}],\"style\":[{\"showRequired\":true,\"size\":\"small\",\"deskPadding\":[\"\",\"\",\"\",\"\"],\"tabletPadding\":[\"\",\"\",\"\",\"\"],\"mobilePadding\":[\"\",\"\",\"\",\"\"],\"color\":\"\",\"requiredColor\":\"\",\"background\":\"\",\"border\":\"\",\"backgroundOpacity\":1,\"borderOpacity\":1,\"borderRadius\":\"\",\"borderWidth\":[\"\",\"\",\"\",\"\"],\"colorActive\":\"\",\"backgroundActive\":\"\",\"borderActive\":\"\",\"backgroundActiveOpacity\":1,\"borderActiveOpacity\":1,\"gradient\":[\"#999999\",1,0,100,\"linear\",180,\"center center\"],\"gradientActive\":[\"#777777\",1,0,100,\"linear\",180,\"center center\"],\"backgroundType\":\"solid\",\"backgroundActiveType\":\"solid\",\"boxShadow\":[false,\"#000000\",0.2,1,1,2,0,false],\"boxShadowActive\":[false,\"#000000\",0.4,2,2,3,0,false],\"fontSize\":[13,\"\",\"\"],\"fontSizeType\":\"px\",\"lineHeight\":[\"\",\"\",\"\"],\"lineType\":\"px\",\"rowGap\":\"\",\"rowGapType\":\"px\",\"gutter\":\"\",\"gutterType\":\"px\",\"tabletRowGap\":\"\",\"mobileRowGap\":\"\",\"tabletGutter\":\"\",\"mobileGutter\":\"\"}],\"labelFont\":[{\"color\":\"\",\"size\":[15,\"\",\"\"],\"sizeType\":\"px\",\"lineHeight\":[\"\",\"\",\"\"],\"lineType\":\"px\",\"letterSpacing\":\"\",\"textTransform\":\"\",\"family\":\"\",\"google\":\"\",\"style\":\"\",\"weight\":\"\",\"variant\":\"\",\"subset\":\"\",\"loadGoogle\":true,\"padding\":[\"\",\"\",\"\",\"\"],\"margin\":[\"\",\"\",\"\",\"\"]}],\"submit\":[{\"label\":\"Subscribe\",\"width\":[\"100\",\"\",\"\"],\"size\":\"large\",\"widthType\":\"full\",\"fixedWidth\":[\"\",\"\",\"\"],\"align\":[\"\",\"\",\"\"],\"deskPadding\":[\"\",\"\",\"\",\"\"],\"tabletPadding\":[\"\",\"\",\"\",\"\"],\"mobilePadding\":[\"\",\"\",\"\",\"\"],\"color\":\"#ffffff\",\"background\":\"#2b6cb0\",\"border\":\"#2b6cb0\",\"backgroundOpacity\":1,\"borderOpacity\":1,\"borderRadius\":4,\"borderWidth\":[\"\",\"\",\"\",\"\"],\"colorHover\":\"\",\"backgroundHover\":\"\",\"borderHover\":\"\",\"backgroundHoverOpacity\":1,\"borderHoverOpacity\":1,\"icon\":\"\",\"iconSide\":\"right\",\"iconHover\":false,\"cssClass\":\"\",\"gradient\":[\"#999999\",1,0,100,\"linear\",180,\"center center\"],\"gradientHover\":[\"#777777\",1,0,100,\"linear\",180,\"center center\"],\"btnStyle\":\"basic\",\"btnSize\":\"standard\",\"backgroundType\":\"solid\",\"backgroundHoverType\":\"solid\",\"boxShadow\":[false,\"#000000\",0.2,1,1,2,0,false],\"boxShadowHover\":[false,\"#000000\",0.4,2,2,3,0,false]}],\"containerMargin\":[\"\",\"\",0,\"\"]} -->\n<div class=\"wp-block-kadence-form kadence-form-_079a6d-d0 kb-form-wrap\"><form class=\"kb-form\" action=\"\" method=\"post\"><div class=\"kadence-blocks-form-field kb-field-desk-width-100 kb-input-size-small\"><label for=\"kb_field__079a6d-d0_0\">Name<\/label><input name=\"kb_field_0\" id=\"kb_field__079a6d-d0_0\" data-label=\"Name\" type=\"text\" placeholder=\"Enter Name\" value=\"\" data-type=\"text\" class=\"kb-field kb-text-style-field kb-text-field kb-field-0\"\/><\/div><div class=\"kadence-blocks-form-field kb-form-field-1 kb-field-desk-width-100 kb-input-size-small\"><label for=\"kb_field__079a6d-d0_1\">Email<span class=\"required\">*<\/span><\/label><input name=\"kb_field_1\" id=\"kb_field__079a6d-d0_1\" data-label=\"Email\" type=\"email\" placeholder=\"Enter Email\" value=\"\" data-type=\"email\" class=\"kb-field kb-text-style-field kb-email-field kb-field-1\" data-required=\"yes\"\/><\/div><input type=\"hidden\" name=\"_kb_form_id\" value=\"_079a6d-d0\"\/><input type=\"hidden\" name=\"_kb_form_post_id\" value=\"106\"\/><input type=\"hidden\" name=\"action\" value=\"kb_process_ajax_submit\"\/><input class=\"kadence-blocks-field verify\" type=\"text\" name=\"_kb_verify_email\" autocomplete=\"off\" aria-hidden=\"true\" placeholder=\"Email\" tabindex=\"-1\"\/><div class=\"kadence-blocks-form-field kb-submit-field kb-field-desk-width-100\"><button class=\"kb-forms-submit button kb-button-size-large kb-button-width-full\">Subscribe<\/button><\/div><\/form><\/div>\n<!-- \/wp:kadence\/form --><\/div><\/div>\n<!-- \/wp:kadence\/column --><\/div><\/div><\/div>\n<!-- \/wp:kadence\/rowlayout -->","description":"","image":"https:\/\/cpl.kadencewp.com\/wp-content\/uploads\/2021\/10\/Popup-04-3.jpeg","imageW":1000,"imageH":632},"4cc096ea94950112a5615308a69d28a1-123":{"slug":"4cc096ea94950112a5615308a69d28a1-123","name":"New Product Banner","categories":{"banner":"Banner"},"keywords":[],"conversion":"banner_top","pro":false,"locked":false,"content":"<!-- wp:kadence\/rowlayout {\"uniqueID\":\"_7a071c-7c\",\"columns\":1,\"colLayout\":\"equal\",\"topPadding\":10,\"bottomPadding\":10,\"leftPadding\":30,\"rightPadding\":30,\"topPaddingM\":5,\"bottomPaddingM\":5,\"leftPaddingM\":10,\"rightPaddingM\":10,\"bgColor\":\"#0369a1\",\"verticalAlignment\":\"middle\"} -->\n<div class=\"wp-block-kadence-rowlayout alignnone\"><div id=\"kt-layout-id_7a071c-7c\" class=\"kt-row-layout-inner kt-row-has-bg kt-layout-id_7a071c-7c\"><div class=\"kt-row-column-wrap kt-has-1-columns kt-gutter-default kt-v-gutter-default kt-row-valign-middle kt-row-layout-equal kt-tab-layout-inherit kt-m-colapse-left-to-right kt-mobile-layout-row\"><!-- wp:kadence\/column {\"uniqueID\":\"_60599a-20\",\"textAlign\":[\"\",\"\",null],\"direction\":[\"horizontal\",\"\",\"vertical\"],\"justifyContent\":[\"space-between\",\"\",\"\"]} -->\n<div class=\"wp-block-kadence-column inner-column-1 kadence-column_60599a-20\"><div class=\"kt-inside-inner-col\"><!-- wp:kadence\/infobox {\"uniqueID\":\"_d00671-f7\",\"linkProperty\":\"learnmore\",\"hAlign\":\"left\",\"containerBackgroundOpacity\":0,\"containerHoverBackground\":\"#ffffff\",\"containerHoverBackgroundOpacity\":0,\"containerBorderWidth\":[0,0,0,0],\"containerPadding\":[0,0,0,0],\"mediaAlign\":\"left\",\"mediaImage\":[{\"url\":\"\",\"id\":\"\",\"alt\":\"\",\"width\":\"\",\"height\":\"\",\"maxWidth\":100,\"hoverAnimation\":\"none\",\"flipUrl\":\"\",\"flipId\":\"\",\"flipAlt\":\"\",\"flipWidth\":\"\",\"flipHeight\":\"\",\"subtype\":\"\",\"flipSubtype\":\"\"}],\"mediaIcon\":[{\"icon\":\"fas_bullhorn\",\"size\":20,\"width\":2,\"title\":\"\",\"color\":\"#ffffff\",\"hoverColor\":\"#ffffff\",\"hoverAnimation\":\"none\",\"flipIcon\":\"\"}],\"mediaStyle\":[{\"background\":\"#0c4a6e\",\"hoverBackground\":\"#0c4a6e\",\"border\":\"#eeeeee\",\"hoverBorder\":\"#eeeeee\",\"borderRadius\":4,\"borderWidth\":[0,0,0,0],\"padding\":[8,12,8,12],\"margin\":[0,20,0,0]}],\"titleColor\":\"#ffffff\",\"titleHoverColor\":\"#ffffff\",\"titleFont\":[{\"level\":2,\"size\":[16,\"\",\"\"],\"sizeType\":\"px\",\"lineHeight\":[1,\"\",\"\"],\"lineType\":\"em\",\"letterSpacing\":\"\",\"textTransform\":\"\",\"family\":\"-apple-system,BlinkMacSystemFont,\\u0022Segoe UI\\u0022,Roboto,Oxygen-Sans,Ubuntu,Cantarell,\\u0022Helvetica Neue\\u0022,sans-serif, \\u0022Apple Color Emoji\\u0022, \\u0022Segoe UI Emoji\\u0022, \\u0022Segoe UI Symbol\\u0022\",\"google\":false,\"style\":\"normal\",\"weight\":\"400\",\"variant\":\"\",\"subset\":\"\",\"loadGoogle\":true,\"padding\":[0,0,0,0],\"paddingControl\":\"linked\",\"margin\":[0,0,0,0],\"marginControl\":\"individual\"}],\"displayText\":false,\"containerMargin\":[\"\",\"\",\"\",\"\"]} -->\n<div id=\"kt-info-box_d00671-f7\" class=\"wp-block-kadence-infobox\"><div class=\"kt-blocks-info-box-link-wrap kt-blocks-info-box-media-align-left kt-info-halign-left\"><div class=\"kt-blocks-info-box-media-container\"><div class=\"kt-blocks-info-box-media kt-info-media-animate-none\"><div class=\"kadence-info-box-icon-container kt-info-icon-animate-none\"><div class=\"kadence-info-box-icon-inner-container\"><span style=\"display:block;justify-content:center;align-items:center\" class=\"kt-info-svg-icon kt-info-svg-icon-fas_bullhorn\"><svg style=\"display:inline-block;vertical-align:middle\" viewbox=\"0 0 576 512\" height=\"20\" width=\"20\" fill=\"currentColor\" xmlns=\"http:\/\/www.w3.org\/2000\/svg\" aria-hidden=\"true\"><path d=\"M576 224c0-20.896-13.36-38.666-32-45.258V64c0-35.346-28.654-64-64-64-64.985 56-142.031 128-272 128H48c-26.51 0-48 21.49-48 48v96c0 26.51 21.49 48 48 48h43.263c-18.742 64.65 2.479 116.379 18.814 167.44 1.702 5.32 5.203 9.893 9.922 12.88 20.78 13.155 68.355 15.657 93.773 5.151 16.046-6.633 19.96-27.423 7.522-39.537-18.508-18.026-30.136-36.91-19.795-60.858a12.278 12.278 0 0 0-1.045-11.673c-16.309-24.679-3.581-62.107 28.517-72.752C346.403 327.887 418.591 395.081 480 448c35.346 0 64-28.654 64-64V269.258c18.64-6.592 32-24.362 32-45.258zm-96 139.855c-54.609-44.979-125.033-92.94-224-104.982v-69.747c98.967-12.042 169.391-60.002 224-104.982v279.711z\"><\/path><\/svg><\/span><\/div><\/div><\/div><\/div><div class=\"kt-infobox-textcontent\"><h2 class=\"kt-blocks-info-box-title\">Big News! We've just created a new product you are going to love!<\/h2><\/div><\/div><\/div>\n<!-- \/wp:kadence\/infobox -->\n\n<!-- wp:kadence\/advancedbtn {\"hAlign\":\"right\",\"mhAlign\":\"center\",\"uniqueID\":\"_32a39d-2e\",\"btns\":[{\"text\":\"Learn More\",\"link\":\"\",\"target\":\"_self\",\"size\":14,\"paddingBT\":8,\"paddingLR\":16,\"color\":\"#0369a1\",\"background\":\"#ffffff\",\"border\":\"#555555\",\"backgroundOpacity\":1,\"borderOpacity\":1,\"borderRadius\":4,\"borderWidth\":0,\"colorHover\":\"#0369a1\",\"backgroundHover\":\"#ffffff\",\"borderHover\":\"#444444\",\"backgroundHoverOpacity\":0.75,\"borderHoverOpacity\":1,\"icon\":\"\",\"iconSide\":\"right\",\"iconHover\":false,\"cssClass\":\"\",\"noFollow\":false,\"gap\":5,\"responsiveSize\":[\"\",11],\"gradient\":[\"#999999\",1,0,100,\"linear\",180,\"center center\"],\"gradientHover\":[\"#777777\",1,0,100,\"linear\",180,\"center center\"],\"btnStyle\":\"basic\",\"btnSize\":\"custom\",\"backgroundType\":\"solid\",\"backgroundHoverType\":\"solid\",\"width\":[\"\",\"\",\"\"],\"responsivePaddingBT\":[\"\",4],\"responsivePaddingLR\":[\"\",8],\"boxShadow\":[false,\"#000000\",0.2,1,1,2,0,false],\"boxShadowHover\":[false,\"#000000\",0.4,2,2,3,0,false],\"sponsored\":false,\"download\":false,\"tabletGap\":\"\",\"mobileGap\":\"\",\"inheritStyles\":\"\",\"iconSize\":[\"\",\"\",\"\"],\"iconPadding\":[\"\",\"\",\"\",\"\"],\"iconTabletPadding\":[\"\",\"\",\"\",\"\"],\"iconMobilePadding\":[\"\",\"\",\"\",\"\"],\"onlyIcon\":[false,\"\",\"\"],\"iconColor\":\"\",\"iconColorHover\":\"\",\"sizeType\":\"px\",\"iconSizeType\":\"px\",\"label\":\"\",\"marginUnit\":\"px\",\"margin\":[0,\"\",0,\"\"],\"tabletMargin\":[\"\",\"\",\"\",\"\"],\"mobileMargin\":[\"\",\"\",\"\",\"\"]}],\"margin\":[{\"desk\":[0,\"\",0,\"\"],\"tablet\":[\"\",\"\",\"\",\"\"],\"mobile\":[5,\"\",\"\",\"\"]}]} -->\n<div class=\"wp-block-kadence-advancedbtn kt-btn-align-right kt-btn-tablet-align-inherit kt-btn-mobile-align-center kt-btns-wrap kt-btns_32a39d-2e\"><div class=\"kt-btn-wrap kt-btn-wrap-0\"><a class=\"kt-button button kt-btn-0-action kt-btn-size-custom kt-btn-style-basic kt-btn-svg-show-always kt-btn-has-text-true kt-btn-has-svg-false\" href=\"#\" style=\"border-radius:4px;border-width:0px\"><span class=\"kt-btn-inner-text\">Learn More<\/span><\/a><\/div><\/div>\n<!-- \/wp:kadence\/advancedbtn --><\/div><\/div>\n<!-- \/wp:kadence\/column --><\/div><\/div><\/div>\n<!-- \/wp:kadence\/rowlayout -->","description":"","image":"https:\/\/cpl.kadencewp.com\/wp-content\/uploads\/2021\/10\/New-Product-Banner-2.jpeg","imageW":1000,"imageH":400},"4cc096ea94950112a5615308a69d28a1-142":{"slug":"4cc096ea94950112a5615308a69d28a1-142","name":"Countdown Banner","categories":{"banner":"Banner"},"keywords":[],"conversion":"banner_top","pro":false,"locked":false,"content":"<!-- wp:kadence\/rowlayout {\"uniqueID\":\"_1dc393-de\",\"columns\":1,\"colLayout\":\"equal\",\"currentOverlayTab\":\"grad\",\"topPadding\":15,\"bottomPadding\":15,\"leftPadding\":30,\"rightPadding\":30,\"bgColor\":\"#b91c1c\",\"overlay\":\"#dc2626\",\"overlaySecond\":\"#b91c1c\",\"overlayFirstOpacity\":1,\"overlaySecondOpacity\":1,\"overlayGradAngle\":90,\"overlayOpacity\":100,\"verticalAlignment\":\"middle\"} -->\n<div class=\"wp-block-kadence-rowlayout alignnone\"><div id=\"kt-layout-id_1dc393-de\" class=\"kt-row-layout-inner kt-row-has-bg kt-layout-id_1dc393-de\"><div class=\"kt-row-layout-overlay kt-row-overlay-gradient\"><\/div><div class=\"kt-row-column-wrap kt-has-1-columns kt-gutter-default kt-v-gutter-default kt-row-valign-middle kt-row-layout-equal kt-tab-layout-inherit kt-m-colapse-left-to-right kt-mobile-layout-row\"><!-- wp:kadence\/column {\"uniqueID\":\"_bd2a36-f7\",\"direction\":[\"horizontal\",\"\",\"\"],\"justifyContent\":[\"space-between\",\"\",\"\"]} -->\n<div class=\"wp-block-kadence-column inner-column-1 kadence-column_bd2a36-f7\"><div class=\"kt-inside-inner-col\"><!-- wp:kadence\/countdown {\"uniqueID\":\"_0746d5-33\",\"date\":\"2021-10-29T22:59:00\",\"timestamp\":1635548340000,\"units\":[{\"days\":false,\"hours\":true,\"minutes\":true,\"seconds\":true}],\"timerLayout\":\"inline\",\"timeNumbers\":true,\"postLabel\":\"Hurry! Time is runing out to get the best savings of the year!\",\"daysLabel\":\"Days\",\"hoursLabel\":\"Hours\",\"minutesLabel\":\"Minutes\",\"secondsLabel\":\"Seconds\",\"numberColor\":\"#ffffff\",\"numberFont\":[{\"size\":[16,\"\",\"\"],\"sizeType\":\"px\",\"lineHeight\":[null,\"\",\"\"],\"lineType\":\"px\",\"letterSpacing\":[\"\",\"\",\"\"],\"letterType\":\"px\",\"textTransform\":\"\",\"family\":\"Noto Sans\",\"google\":true,\"style\":\"normal\",\"weight\":\"700\",\"variant\":\"700\",\"subset\":\"latin\",\"loadGoogle\":true}],\"labelColor\":\"#ffffff\",\"labelFont\":[{\"size\":[16,\"\",\"\"],\"sizeType\":\"px\",\"lineHeight\":[\"\",\"\",\"\"],\"lineType\":\"px\",\"letterSpacing\":[\"\",\"\",\"\"],\"letterType\":\"px\",\"textTransform\":\"\",\"family\":\"Noto Sans\",\"google\":true,\"style\":\"normal\",\"weight\":\"700\",\"variant\":\"700\",\"subset\":\"latin\",\"loadGoogle\":true}],\"preLabelColor\":\"#ffffff\",\"preLabelFont\":[{\"size\":[16,\"\",\"\"],\"sizeType\":\"px\",\"lineHeight\":[\"\",\"\",\"\"],\"lineType\":\"px\",\"letterSpacing\":[\"\",\"\",\"\"],\"letterType\":\"px\",\"textTransform\":\"\",\"family\":\"Noto Sans\",\"google\":true,\"style\":\"normal\",\"weight\":\"400\",\"variant\":\"regular\",\"subset\":\"latin\",\"loadGoogle\":true}],\"postLabelColor\":\"rgba(255,255,255,0.9)\",\"postLabelFont\":[{\"size\":[16,\"\",\"\"],\"sizeType\":\"px\",\"lineHeight\":[\"\",\"\",\"\"],\"lineType\":\"px\",\"letterSpacing\":[\"\",\"\",\"\"],\"letterType\":\"px\",\"textTransform\":\"\",\"family\":\"Noto Sans\",\"google\":true,\"style\":\"normal\",\"weight\":\"400\",\"variant\":\"regular\",\"subset\":\"latin\",\"loadGoogle\":true}],\"containerPadding\":[10,10,10,0]} -->\n<div class=\"wp-block-kadence-countdown kb-countdown-container kb-countdown-container-_0746d5-33 kb-countdown-timer-layout-inline kb-countdown-has-timer\" data-id=\"_0746d5-33\"><!-- wp:kadence\/countdown-timer {\"uniqueID\":\"_ad0ccc-fb\"} -->\n<div class=\"wp-block-kadence-countdown-timer kb-countdown-timer-_ad0ccc-fb kb-countdown-timer\"><div class=\"kb-countdown-item kb-countdown-date-item\"><span class=\"kb-countdown-number\">\u00a0<\/span><span class=\"kb-countdown-label\">\u00a0<\/span><\/div><\/div>\n<!-- \/wp:kadence\/countdown-timer --><\/div>\n<!-- \/wp:kadence\/countdown -->\n\n<!-- wp:kadence\/advancedbtn {\"uniqueID\":\"_989bef-0b\",\"btns\":[{\"text\":\"BUY Now\",\"link\":\"\",\"target\":\"_self\",\"size\":13,\"paddingBT\":8,\"paddingLR\":18,\"color\":\"#ffffff\",\"background\":\"#ffffff\",\"border\":\"#ffffff\",\"backgroundOpacity\":0,\"borderOpacity\":1,\"borderRadius\":4,\"borderWidth\":3,\"colorHover\":\"#ffffff\",\"backgroundHover\":\"#991b1b\",\"borderHover\":\"#ffffff\",\"backgroundHoverOpacity\":1,\"borderHoverOpacity\":1,\"icon\":\"\",\"iconSide\":\"right\",\"iconHover\":false,\"cssClass\":\"conversion-button\",\"noFollow\":false,\"gap\":5,\"responsiveSize\":[\"\",\"\"],\"gradient\":[\"#999999\",1,0,100,\"linear\",180,\"center center\"],\"gradientHover\":[\"#777777\",1,0,100,\"linear\",180,\"center center\"],\"btnStyle\":\"basic\",\"btnSize\":\"custom\",\"backgroundType\":\"solid\",\"backgroundHoverType\":\"solid\",\"width\":[\"\",\"\",\"\"],\"responsivePaddingBT\":[\"\",\"\"],\"responsivePaddingLR\":[\"\",\"\"],\"boxShadow\":[false,\"#000000\",0.2,1,1,2,0,false],\"boxShadowHover\":[false,\"#000000\",0.4,2,2,3,0,false],\"sponsored\":false,\"download\":false,\"tabletGap\":\"\",\"mobileGap\":\"\",\"inheritStyles\":\"\",\"iconSize\":[\"\",\"\",\"\"],\"iconPadding\":[\"\",\"\",\"\",\"\"],\"iconTabletPadding\":[\"\",\"\",\"\",\"\"],\"iconMobilePadding\":[\"\",\"\",\"\",\"\"],\"onlyIcon\":[false,\"\",\"\"],\"iconColor\":\"\",\"iconColorHover\":\"\",\"sizeType\":\"px\",\"iconSizeType\":\"px\",\"label\":\"\",\"marginUnit\":\"px\",\"margin\":[\"\",\"\",\"\",\"\"],\"tabletMargin\":[\"\",\"\",\"\",\"\"],\"mobileMargin\":[\"\",\"\",\"\",\"\"]}],\"typography\":\"Noto Sans\",\"googleFont\":true,\"fontSubset\":\"latin\",\"fontVariant\":\"700\",\"fontWeight\":\"700\",\"textTransform\":\"uppercase\",\"margin\":[{\"desk\":[0,0,0,0],\"tablet\":[\"\",\"\",\"\",\"\"],\"mobile\":[\"\",\"\",\"\",\"\"]}]} -->\n<div class=\"wp-block-kadence-advancedbtn kt-btn-align-center kt-btn-tablet-align-inherit kt-btn-mobile-align-inherit kt-btns-wrap kt-btns_989bef-0b\"><div class=\"kt-btn-wrap kt-btn-wrap-0\"><a class=\"kt-button button kt-btn-0-action kt-btn-size-custom kt-btn-style-basic kt-btn-svg-show-always kt-btn-has-text-true kt-btn-has-svg-false conversion-button\" href=\"#\" style=\"border-radius:4px;border-width:3px\"><span class=\"kt-btn-inner-text\">BUY Now<\/span><\/a><\/div><\/div>\n<!-- \/wp:kadence\/advancedbtn --><\/div><\/div>\n<!-- \/wp:kadence\/column --><\/div><\/div><\/div>\n<!-- \/wp:kadence\/rowlayout -->","description":"","image":"https:\/\/cpl.kadencewp.com\/wp-content\/uploads\/2021\/10\/Countdown-Banner.jpeg","imageW":1000,"imageH":400},"4cc096ea94950112a5615308a69d28a1-179":{"slug":"4cc096ea94950112a5615308a69d28a1-179","name":"Cookie Banner 2","categories":{"banner":"Banner"},"keywords":[],"conversion":"banner_cookie_bottom","pro":false,"locked":false,"content":"<!-- wp:kadence\/rowlayout {\"uniqueID\":\"_16d22e-43\",\"columns\":1,\"colLayout\":\"equal\",\"topPadding\":10,\"bottomPadding\":10,\"bgColor\":\"#000000\",\"textColor\":\"#eeeeee\",\"linkColor\":\"#ffffff\",\"linkHoverColor\":\"#eeeeee\",\"inheritMaxWidth\":true} -->\n<div class=\"wp-block-kadence-rowlayout alignnone\"><div id=\"kt-layout-id_16d22e-43\" class=\"kt-row-layout-inner kt-row-has-bg kt-layout-id_16d22e-43\"><div class=\"kt-row-column-wrap kt-has-1-columns kt-gutter-default kt-v-gutter-default kt-row-valign-top kt-row-layout-equal kt-tab-layout-inherit kt-m-colapse-left-to-right kt-mobile-layout-row kb-theme-content-width\"><!-- wp:kadence\/column {\"uniqueID\":\"_b6dbb4-e3\",\"direction\":[\"horizontal\",\"\",\"\"],\"justifyContent\":[\"center\",\"\",\"\"]} -->\n<div class=\"wp-block-kadence-column inner-column-1 kadence-column_b6dbb4-e3\"><div class=\"kt-inside-inner-col\"><!-- wp:kadence\/advancedheading {\"uniqueID\":\"_294ba1-ca\",\"topMargin\":0,\"bottomMargin\":0,\"colorClass\":\"\",\"htmlTag\":\"p\"} -->\n<p class=\"kt-adv-heading_294ba1-ca wp-block-kadence-advancedheading\" data-kb-block=\"kb-adv-heading_294ba1-ca\">We use cookies on this site to enhance your user experience. <a href=\"#link\" data-type=\"internal\" data-id=\"#link\">Learn more<\/a>     <\/p>\n<!-- \/wp:kadence\/advancedheading -->\n\n<!-- wp:kadence\/advancedbtn {\"uniqueID\":\"_b9aa7e-62\",\"btns\":[{\"text\":\"Got it\",\"link\":\"\",\"target\":\"_self\",\"size\":16,\"paddingBT\":4,\"paddingLR\":12,\"color\":\"#575757\",\"background\":\"#ffffff\",\"border\":\"#555555\",\"backgroundOpacity\":1,\"borderOpacity\":1,\"borderRadius\":\"\",\"borderWidth\":0,\"colorHover\":\"#575757\",\"backgroundHover\":\"#ffffff\",\"borderHover\":\"#444444\",\"backgroundHoverOpacity\":1,\"borderHoverOpacity\":1,\"icon\":\"\",\"iconSide\":\"right\",\"iconHover\":false,\"cssClass\":\"conversion-button\",\"noFollow\":false,\"gap\":5,\"responsiveSize\":[\"\",\"\"],\"gradient\":[\"#999999\",1,0,100,\"linear\",180,\"center center\"],\"gradientHover\":[\"#777777\",1,0,100,\"linear\",180,\"center center\"],\"btnStyle\":\"basic\",\"btnSize\":\"custom\",\"backgroundType\":\"solid\",\"backgroundHoverType\":\"solid\",\"width\":[\"\",\"\",\"\"],\"responsivePaddingBT\":[\"\",\"\"],\"responsivePaddingLR\":[\"\",\"\"],\"boxShadow\":[false,\"#000000\",0.2,1,1,2,0,false],\"boxShadowHover\":[false,\"#000000\",0.4,2,2,3,0,false],\"sponsored\":false,\"download\":false,\"tabletGap\":\"\",\"mobileGap\":\"\",\"inheritStyles\":\"\",\"iconSize\":[\"\",\"\",\"\"],\"iconPadding\":[\"\",\"\",\"\",\"\"],\"iconTabletPadding\":[\"\",\"\",\"\",\"\"],\"iconMobilePadding\":[\"\",\"\",\"\",\"\"],\"onlyIcon\":[false,\"\",\"\"],\"iconColor\":\"\",\"iconColorHover\":\"\",\"sizeType\":\"px\",\"iconSizeType\":\"px\",\"label\":\"\",\"marginUnit\":\"px\",\"margin\":[\"\",\"\",\"\",\"\"],\"tabletMargin\":[\"\",\"\",\"\",\"\"],\"mobileMargin\":[\"\",\"\",\"\",\"\"]}],\"margin\":[{\"desk\":[0,\"\",0,10],\"tablet\":[\"\",\"\",\"\",\"\"],\"mobile\":[\"\",\"\",\"\",\"\"]}]} -->\n<div class=\"wp-block-kadence-advancedbtn kt-btn-align-center kt-btn-tablet-align-inherit kt-btn-mobile-align-inherit kt-btns-wrap kt-btns_b9aa7e-62\"><div class=\"kt-btn-wrap kt-btn-wrap-0\"><a class=\"kt-button button kt-btn-0-action kt-btn-size-custom kt-btn-style-basic kt-btn-svg-show-always kt-btn-has-text-true kt-btn-has-svg-false conversion-button\" href=\"#\" style=\"border-width:0px\"><span class=\"kt-btn-inner-text\">Got it<\/span><\/a><\/div><\/div>\n<!-- \/wp:kadence\/advancedbtn --><\/div><\/div>\n<!-- \/wp:kadence\/column --><\/div><\/div><\/div>\n<!-- \/wp:kadence\/rowlayout -->","description":"","image":"https:\/\/cpl.kadencewp.com\/wp-content\/uploads\/2021\/10\/Cookie-Banner-2.jpeg","imageW":1000,"imageH":400},"4cc096ea94950112a5615308a69d28a1-194":{"slug":"4cc096ea94950112a5615308a69d28a1-194","name":"Cookie Slide In","categories":{"slide_in":"Slide In"},"keywords":[],"conversion":"slide_in_cookie_right","pro":false,"locked":false,"content":"<!-- wp:kadence\/rowlayout {\"uniqueID\":\"_e3c48e-e4\",\"columns\":1,\"colLayout\":\"equal\",\"leftPadding\":25,\"rightPadding\":25,\"bgColor\":\"#ffffff\",\"linkColor\":\"#2b6cb0\",\"linkHoverColor\":\"#215387\",\"inheritMaxWidth\":true} -->\n<div class=\"wp-block-kadence-rowlayout alignnone\"><div id=\"kt-layout-id_e3c48e-e4\" class=\"kt-row-layout-inner kt-row-has-bg kt-layout-id_e3c48e-e4\"><div class=\"kt-row-column-wrap kt-has-1-columns kt-gutter-default kt-v-gutter-default kt-row-valign-top kt-row-layout-equal kt-tab-layout-inherit kt-m-colapse-left-to-right kt-mobile-layout-row kb-theme-content-width\"><!-- wp:kadence\/column {\"uniqueID\":\"_c0e342-e1\",\"direction\":[\"vertical\",\"\",\"\"],\"justifyContent\":[\"space-between\",\"\",\"\"]} -->\n<div class=\"wp-block-kadence-column inner-column-1 kadence-column_c0e342-e1\"><div class=\"kt-inside-inner-col\"><!-- wp:kadence\/infobox {\"uniqueID\":\"_1ab7ce-d9\",\"linkProperty\":\"learnmore\",\"containerBackgroundOpacity\":0,\"containerHoverBackground\":\"#ffffff\",\"containerHoverBackgroundOpacity\":0,\"containerBorderWidth\":[0,0,0,0],\"containerPadding\":[0,0,0,0],\"mediaAlign\":\"left\",\"mediaImage\":[{\"url\":\"\",\"id\":\"\",\"alt\":\"\",\"width\":\"\",\"height\":\"\",\"maxWidth\":100,\"hoverAnimation\":\"none\",\"flipUrl\":\"\",\"flipId\":\"\",\"flipAlt\":\"\",\"flipWidth\":\"\",\"flipHeight\":\"\",\"subtype\":\"\",\"flipSubtype\":\"\"}],\"mediaIcon\":[{\"icon\":\"fas_cookie-bite\",\"size\":50,\"width\":2,\"title\":\"\",\"color\":\"#c9d2d7\",\"hoverColor\":\"#c9d2d7\",\"hoverAnimation\":\"none\",\"flipIcon\":\"\"}],\"mediaStyle\":[{\"background\":\"rgba(255,255,255,0)\",\"hoverBackground\":\"rgba(255,255,255,0)\",\"border\":\"#eeeeee\",\"hoverBorder\":\"#eeeeee\",\"borderRadius\":0,\"borderWidth\":[0,0,0,0],\"padding\":[0,0,0,0],\"margin\":[0,20,0,0]}],\"titleColor\":\"#1a202c\",\"titleHoverColor\":\"#1a202c\",\"titleFont\":[{\"level\":2,\"size\":[16,\"\",\"\"],\"sizeType\":\"px\",\"lineHeight\":[1.8,\"\",\"\"],\"lineType\":\"em\",\"letterSpacing\":\"\",\"textTransform\":\"\",\"family\":\"-apple-system,BlinkMacSystemFont,\\u0022Segoe UI\\u0022,Roboto,Oxygen-Sans,Ubuntu,Cantarell,\\u0022Helvetica Neue\\u0022,sans-serif, \\u0022Apple Color Emoji\\u0022, \\u0022Segoe UI Emoji\\u0022, \\u0022Segoe UI Symbol\\u0022\",\"google\":false,\"style\":\"normal\",\"weight\":\"400\",\"variant\":\"\",\"subset\":\"\",\"loadGoogle\":true,\"padding\":[0,0,0,0],\"paddingControl\":\"linked\",\"margin\":[0,0,0,0],\"marginControl\":\"individual\"}],\"displayText\":false,\"containerMargin\":[\"\",\"\",20,\"\"]} -->\n<div id=\"kt-info-box_1ab7ce-d9\" class=\"wp-block-kadence-infobox\"><div class=\"kt-blocks-info-box-link-wrap kt-blocks-info-box-media-align-left kt-info-halign-center\"><div class=\"kt-blocks-info-box-media-container\"><div class=\"kt-blocks-info-box-media kt-info-media-animate-none\"><div class=\"kadence-info-box-icon-container kt-info-icon-animate-none\"><div class=\"kadence-info-box-icon-inner-container\"><span style=\"display:block;justify-content:center;align-items:center\" class=\"kt-info-svg-icon kt-info-svg-icon-fas_cookie-bite\"><svg style=\"display:inline-block;vertical-align:middle\" viewbox=\"0 0 512 512\" height=\"50\" width=\"50\" fill=\"currentColor\" xmlns=\"http:\/\/www.w3.org\/2000\/svg\" aria-hidden=\"true\"><path d=\"M510.52 255.82c-69.97-.85-126.47-57.69-126.47-127.86-70.17 0-127-56.49-127.86-126.45-27.26-4.14-55.13.3-79.72 12.82l-69.13 35.22a132.221 132.221 0 0 0-57.79 57.81l-35.1 68.88a132.645 132.645 0 0 0-12.82 80.95l12.08 76.27a132.521 132.521 0 0 0 37.16 72.96l54.77 54.76a132.036 132.036 0 0 0 72.71 37.06l76.71 12.15c27.51 4.36 55.7-.11 80.53-12.76l69.13-35.21a132.273 132.273 0 0 0 57.79-57.81l35.1-68.88c12.56-24.64 17.01-52.58 12.91-79.91zM176 368c-17.67 0-32-14.33-32-32s14.33-32 32-32 32 14.33 32 32-14.33 32-32 32zm32-160c-17.67 0-32-14.33-32-32s14.33-32 32-32 32 14.33 32 32-14.33 32-32 32zm160 128c-17.67 0-32-14.33-32-32s14.33-32 32-32 32 14.33 32 32-14.33 32-32 32z\"><\/path><\/svg><\/span><\/div><\/div><\/div><\/div><div class=\"kt-infobox-textcontent\"><h2 class=\"kt-blocks-info-box-title\"><meta charset=\"utf-8\"\/>We use cookies on this site to enhance your user experience.<br\/>For a complete overview of the cookies used, see our <a href=\"#link\" data-type=\"internal\" data-id=\"#link\">cookie policy<\/a>.<\/h2><\/div><\/div><\/div>\n<!-- \/wp:kadence\/infobox -->\n\n<!-- wp:kadence\/advancedbtn {\"uniqueID\":\"_517784-7d\",\"btns\":[{\"text\":\"Got it\",\"link\":\"\",\"target\":\"_self\",\"size\":16,\"paddingBT\":12,\"paddingLR\":50,\"color\":\"#ffffff\",\"background\":\"#1a202c\",\"border\":\"#555555\",\"backgroundOpacity\":1,\"borderOpacity\":1,\"borderRadius\":4,\"borderWidth\":0,\"colorHover\":\"#ffffff\",\"backgroundHover\":\"#2d3748\",\"borderHover\":\"#444444\",\"backgroundHoverOpacity\":1,\"borderHoverOpacity\":1,\"icon\":\"fe_checkCircle\",\"iconSide\":\"left\",\"iconHover\":false,\"cssClass\":\"conversion-button\",\"noFollow\":false,\"gap\":5,\"responsiveSize\":[\"\",\"\"],\"gradient\":[\"#999999\",1,0,100,\"linear\",180,\"center center\"],\"gradientHover\":[\"#777777\",1,0,100,\"linear\",180,\"center center\"],\"btnStyle\":\"basic\",\"btnSize\":\"standard\",\"backgroundType\":\"solid\",\"backgroundHoverType\":\"solid\",\"width\":[\"\",\"\",\"\"],\"responsivePaddingBT\":[\"\",\"\"],\"responsivePaddingLR\":[\"\",\"\"],\"boxShadow\":[false,\"#000000\",0.2,1,1,2,0,false],\"boxShadowHover\":[false,\"#000000\",0.4,2,2,3,0,false],\"sponsored\":false,\"download\":false,\"tabletGap\":\"\",\"mobileGap\":\"\",\"inheritStyles\":\"\",\"iconSize\":[\"\",\"\",\"\"],\"iconPadding\":[\"\",\"\",\"\",\"\"],\"iconTabletPadding\":[\"\",\"\",\"\",\"\"],\"iconMobilePadding\":[\"\",\"\",\"\",\"\"],\"onlyIcon\":[false,\"\",\"\"],\"iconColor\":\"\",\"iconColorHover\":\"\",\"sizeType\":\"px\",\"iconSizeType\":\"px\",\"label\":\"\",\"marginUnit\":\"px\",\"margin\":[\"\",\"\",\"\",\"\"],\"tabletMargin\":[\"\",\"\",\"\",\"\"],\"mobileMargin\":[\"\",\"\",\"\",\"\"]}],\"textTransform\":\"uppercase\",\"widthType\":\"full\",\"forceFullwidth\":true} -->\n<div class=\"wp-block-kadence-advancedbtn kt-btn-align-center kt-btn-tablet-align-inherit kt-btn-mobile-align-inherit kt-btns-wrap kt-btns_517784-7d kt-force-btn-fullwidth\"><div class=\"kt-btn-wrap kt-btn-wrap-0\"><a class=\"kt-button button kt-btn-0-action kt-btn-size-standard kt-btn-style-basic kt-btn-svg-show-always kt-btn-has-text-true kt-btn-has-svg-true conversion-button\" href=\"#\" style=\"border-radius:4px;border-width:0px\"><div style=\"display:inline-flex;justify-content:center;align-items:center\" class=\"kt-btn-svg-icon kt-btn-svg-icon-fe_checkCircle kt-btn-side-left\"><svg style=\"display:inline-block;vertical-align:middle\" viewbox=\"0 0 24 24\" height=\"1em\" width=\"1em\" fill=\"none\" stroke=\"currentColor\" xmlns=\"http:\/\/www.w3.org\/2000\/svg\" stroke-width=\"2\" stroke-linecap=\"round\" stroke-linejoin=\"round\"><path d=\"M22 11.08V12a10 10 0 1 1-5.93-9.14\"><\/path><polyline points=\"22 4 12 14.01 9 11.01\"><\/polyline><\/svg><\/div><span class=\"kt-btn-inner-text\">Got it<\/span><\/a><\/div><\/div>\n<!-- \/wp:kadence\/advancedbtn --><\/div><\/div>\n<!-- \/wp:kadence\/column --><\/div><\/div><\/div>\n<!-- \/wp:kadence\/rowlayout -->","description":"","image":"https:\/\/cpl.kadencewp.com\/wp-content\/uploads\/2021\/10\/Cookie-Slide-In-1.jpeg","imageW":1000,"imageH":400},"4cc096ea94950112a5615308a69d28a1-226":{"slug":"4cc096ea94950112a5615308a69d28a1-226","name":"Slide-In Subscribe","categories":{"slide_in":"Slide In"},"keywords":[],"conversion":"slide_in_right","pro":false,"locked":false,"content":"<!-- wp:kadence\/rowlayout {\"uniqueID\":\"_bf2fd8-3e\",\"columns\":1,\"colLayout\":\"equal\",\"topPadding\":30,\"bottomPadding\":30,\"leftPadding\":30,\"rightPadding\":30,\"bgColor\":\"#047857\"} -->\n<div class=\"wp-block-kadence-rowlayout alignnone\"><div id=\"kt-layout-id_bf2fd8-3e\" class=\"kt-row-layout-inner kt-row-has-bg kt-layout-id_bf2fd8-3e\"><div class=\"kt-row-column-wrap kt-has-1-columns kt-gutter-default kt-v-gutter-default kt-row-valign-top kt-row-layout-equal kt-tab-layout-inherit kt-m-colapse-left-to-right kt-mobile-layout-row\"><!-- wp:kadence\/column {\"uniqueID\":\"_66b9d2-8e\"} -->\n<div class=\"wp-block-kadence-column inner-column-1 kadence-column_66b9d2-8e\"><div class=\"kt-inside-inner-col\"><!-- wp:kadence\/infobox {\"uniqueID\":\"_d29404-17\",\"containerBackground\":\"#ffffff\",\"containerBackgroundOpacity\":0,\"containerHoverBackground\":\"#ffffff\",\"containerHoverBackgroundOpacity\":0,\"containerBorderWidth\":[0,0,0,0],\"containerPadding\":[24,24,24,24],\"mediaImage\":[{\"url\":\"\",\"id\":\"\",\"alt\":\"\",\"width\":\"\",\"height\":\"\",\"maxWidth\":\"\",\"hoverAnimation\":\"none\",\"flipUrl\":\"\",\"flipId\":\"\",\"flipAlt\":\"\",\"flipWidth\":\"\",\"flipHeight\":\"\",\"subtype\":\"\",\"flipSubtype\":\"\"}],\"mediaIcon\":[{\"icon\":\"fe_packageIcon\",\"size\":80,\"width\":2,\"title\":\"\",\"color\":\"palette9\",\"hoverColor\":\"#ffffff\",\"hoverAnimation\":\"none\",\"flipIcon\":\"\"}],\"mediaStyle\":[{\"background\":\"rgba(255,255,255,0)\",\"hoverBackground\":\"rgba(255,255,255,0)\",\"border\":\"#eeeeee\",\"hoverBorder\":\"#eeeeee\",\"borderRadius\":0,\"borderWidth\":[0,0,0,0],\"padding\":[0,0,0,0],\"margin\":[0,20,0,0]}],\"titleColor\":\"#ffffff\",\"titleHoverColor\":\"#ffffff\",\"titleFont\":[{\"level\":2,\"size\":[30,\"\",\"\"],\"sizeType\":\"px\",\"lineHeight\":[\"\",\"\",\"\"],\"lineType\":\"px\",\"letterSpacing\":\"\",\"textTransform\":\"\",\"family\":\"\",\"google\":false,\"style\":\"\",\"weight\":\"\",\"variant\":\"\",\"subset\":\"\",\"loadGoogle\":true,\"padding\":[0,0,0,0],\"paddingControl\":\"linked\",\"margin\":[5,0,10,0],\"marginControl\":\"individual\"}],\"textColor\":\"#ffffff\",\"textHoverColor\":\"#ffffff\",\"containerMargin\":[\"\",\"\",\"\",\"\"]} -->\n<div id=\"kt-info-box_d29404-17\" class=\"wp-block-kadence-infobox\"><a class=\"kt-blocks-info-box-link-wrap info-box-link kt-blocks-info-box-media-align-top kt-info-halign-center\"><div class=\"kt-blocks-info-box-media-container\"><div class=\"kt-blocks-info-box-media kt-info-media-animate-none\"><div class=\"kadence-info-box-icon-container kt-info-icon-animate-none\"><div class=\"kadence-info-box-icon-inner-container\"><span style=\"display:block;justify-content:center;align-items:center\" class=\"kt-info-svg-icon kt-info-svg-icon-fe_packageIcon\"><svg style=\"display:inline-block;vertical-align:middle\" viewbox=\"0 0 24 24\" height=\"80\" width=\"80\" fill=\"none\" stroke=\"currentColor\" xmlns=\"http:\/\/www.w3.org\/2000\/svg\" stroke-width=\"2\" stroke-linecap=\"round\" stroke-linejoin=\"round\" aria-hidden=\"true\"><path d=\"M12.89 1.45l8 4A2 2 0 0 1 22 7.24v9.53a2 2 0 0 1-1.11 1.79l-8 4a2 2 0 0 1-1.79 0l-8-4a2 2 0 0 1-1.1-1.8V7.24a2 2 0 0 1 1.11-1.79l8-4a2 2 0 0 1 1.78 0z\"><\/path><polyline points=\"2.32 6.16 12 11 21.68 6.16\"><\/polyline><line x1=\"12\" y1=\"22.76\" x2=\"12\" y2=\"11\"><\/line><line x1=\"7\" y1=\"3.5\" x2=\"17\" y2=\"8.5\"><\/line><\/svg><\/span><\/div><\/div><\/div><\/div><div class=\"kt-infobox-textcontent\"><h2 class=\"kt-blocks-info-box-title\">Get the Ultimate Icon Kit!<\/h2><p class=\"kt-blocks-info-box-text\">Lorem ipsum dolor sit amet, consectetur adipiscing elit. Aenean diam dolor, accumsan sed rutrum vel, dapibus et leo.<\/p><\/div><\/a><\/div>\n<!-- \/wp:kadence\/infobox -->\n\n<!-- wp:kadence\/form {\"uniqueID\":\"_5f8205-1a\",\"postID\":\"226\",\"fields\":[{\"label\":\"Name\",\"showLabel\":true,\"placeholder\":\"\",\"default\":\"\",\"description\":\"\",\"rows\":4,\"options\":[{\"value\":\"\",\"label\":\"\"}],\"multiSelect\":false,\"inline\":false,\"showLink\":false,\"min\":\"\",\"max\":\"\",\"type\":\"text\",\"required\":false,\"width\":[\"100\",\"\",\"\"],\"auto\":\"\",\"errorMessage\":\"\",\"requiredMessage\":\"\"},{\"label\":\"Email\",\"showLabel\":true,\"placeholder\":\"\",\"default\":\"\",\"description\":\"\",\"rows\":4,\"options\":[{\"value\":\"\",\"label\":\"\"}],\"multiSelect\":false,\"inline\":false,\"showLink\":false,\"min\":\"\",\"max\":\"\",\"type\":\"email\",\"required\":true,\"width\":[\"100\",\"\",\"\"],\"auto\":\"\",\"errorMessage\":\"\",\"requiredMessage\":\"\"}],\"style\":[{\"showRequired\":false,\"size\":\"small\",\"deskPadding\":[\"\",\"\",\"\",\"\"],\"tabletPadding\":[\"\",\"\",\"\",\"\"],\"mobilePadding\":[\"\",\"\",\"\",\"\"],\"color\":\"#ffffff\",\"requiredColor\":\"\",\"background\":\"#ffffff\",\"border\":\"#000000\",\"backgroundOpacity\":0.1,\"borderOpacity\":0,\"borderRadius\":\"\",\"borderWidth\":[\"\",\"\",\"\",\"\"],\"colorActive\":\"#ffffff\",\"backgroundActive\":\"#ffffff\",\"borderActive\":\"#ffffff\",\"backgroundActiveOpacity\":0.3,\"borderActiveOpacity\":0.01,\"gradient\":[\"#999999\",1,0,100,\"linear\",180,\"center center\"],\"gradientActive\":[\"#777777\",1,0,100,\"linear\",180,\"center center\"],\"backgroundType\":\"solid\",\"backgroundActiveType\":\"solid\",\"boxShadow\":[false,\"#000000\",0.2,1,1,2,0,false],\"boxShadowActive\":[false,\"#000000\",0.4,2,2,3,0,false],\"fontSize\":[\"\",\"\",\"\"],\"fontSizeType\":\"px\",\"lineHeight\":[\"\",\"\",\"\"],\"lineType\":\"px\",\"rowGap\":\"\",\"rowGapType\":\"px\",\"gutter\":\"\",\"gutterType\":\"px\",\"tabletRowGap\":\"\",\"mobileRowGap\":\"\",\"tabletGutter\":\"\",\"mobileGutter\":\"\"}],\"labelFont\":[{\"color\":\"#ffffff\",\"size\":[10,\"\",\"\"],\"sizeType\":\"px\",\"lineHeight\":[\"\",\"\",\"\"],\"lineType\":\"px\",\"letterSpacing\":\"\",\"textTransform\":\"uppercase\",\"family\":\"\",\"google\":\"\",\"style\":\"\",\"weight\":\"\",\"variant\":\"\",\"subset\":\"\",\"loadGoogle\":true,\"padding\":[\"\",\"\",\"\",\"\"],\"margin\":[\"\",\"\",\"\",\"\"]}],\"submit\":[{\"label\":\"Send me the Icons!\",\"width\":[\"100\",\"\",\"\"],\"size\":\"large\",\"widthType\":\"full\",\"fixedWidth\":[\"\",\"\",\"\"],\"align\":[\"\",\"\",\"\"],\"deskPadding\":[\"\",\"\",\"\",\"\"],\"tabletPadding\":[\"\",\"\",\"\",\"\"],\"mobilePadding\":[\"\",\"\",\"\",\"\"],\"color\":\"#1a202c\",\"background\":\"palette9\",\"border\":\"\",\"backgroundOpacity\":1,\"borderOpacity\":1,\"borderRadius\":\"\",\"borderWidth\":[\"\",\"\",\"\",\"\"],\"colorHover\":\"#1a202c\",\"backgroundHover\":\"#ffffff\",\"borderHover\":\"\",\"backgroundHoverOpacity\":0.8,\"borderHoverOpacity\":1,\"icon\":\"\",\"iconSide\":\"right\",\"iconHover\":false,\"cssClass\":\"\",\"gradient\":[\"#999999\",1,0,100,\"linear\",180,\"center center\"],\"gradientHover\":[\"#777777\",1,0,100,\"linear\",180,\"center center\"],\"btnStyle\":\"basic\",\"btnSize\":\"standard\",\"backgroundType\":\"solid\",\"backgroundHoverType\":\"solid\",\"boxShadow\":[false,\"#000000\",0.2,1,1,2,0,false],\"boxShadowHover\":[false,\"#000000\",0.4,2,2,3,0,false]}],\"submitFont\":[{\"size\":[16,\"\",\"\"],\"sizeType\":\"px\",\"lineHeight\":[\"\",\"\",\"\"],\"lineType\":\"px\",\"letterSpacing\":\"\",\"textTransform\":\"uppercase\",\"family\":\"\",\"google\":\"\",\"style\":\"\",\"weight\":\"bold\",\"variant\":\"\",\"subset\":\"\",\"loadGoogle\":true}],\"containerMargin\":[0,0,30,0]} -->\n<div class=\"wp-block-kadence-form kadence-form-_5f8205-1a kb-form-wrap\"><form class=\"kb-form\" action=\"\" method=\"post\"><div class=\"kadence-blocks-form-field kb-field-desk-width-100 kb-input-size-small\"><label for=\"kb_field__5f8205-1a_0\">Name<\/label><input name=\"kb_field_0\" id=\"kb_field__5f8205-1a_0\" data-label=\"Name\" type=\"text\" placeholder=\"\" value=\"\" data-type=\"text\" class=\"kb-field kb-text-style-field kb-text-field kb-field-0\"\/><\/div><div class=\"kadence-blocks-form-field kb-form-field-1 kb-field-desk-width-100 kb-input-size-small\"><label for=\"kb_field__5f8205-1a_1\">Email<\/label><input name=\"kb_field_1\" id=\"kb_field__5f8205-1a_1\" data-label=\"Email\" type=\"email\" placeholder=\"\" value=\"\" data-type=\"email\" class=\"kb-field kb-text-style-field kb-email-field kb-field-1\" data-required=\"yes\"\/><\/div><input type=\"hidden\" name=\"_kb_form_id\" value=\"_5f8205-1a\"\/><input type=\"hidden\" name=\"_kb_form_post_id\" value=\"226\"\/><input type=\"hidden\" name=\"action\" value=\"kb_process_ajax_submit\"\/><input class=\"kadence-blocks-field verify\" type=\"text\" name=\"_kb_verify_email\" autocomplete=\"off\" aria-hidden=\"true\" placeholder=\"Email\" tabindex=\"-1\"\/><div class=\"kadence-blocks-form-field kb-submit-field kb-field-desk-width-100\"><button class=\"kb-forms-submit button kb-button-size-large kb-button-width-full\">Send me the Icons!<\/button><\/div><\/form><\/div>\n<!-- \/wp:kadence\/form --><\/div><\/div>\n<!-- \/wp:kadence\/column --><\/div><\/div><\/div>\n<!-- \/wp:kadence\/rowlayout -->","description":"","image":"https:\/\/cpl.kadencewp.com\/wp-content\/uploads\/2021\/10\/Slide-In-Subscribe.jpeg","imageW":1000,"imageH":637},"4cc096ea94950112a5615308a69d28a1-242":{"slug":"4cc096ea94950112a5615308a69d28a1-242","name":"We Use Cookies","categories":{"slide_in":"Slide In"},"keywords":[],"conversion":"slide_in_cookie_right","pro":false,"locked":false,"content":"<!-- wp:kadence\/rowlayout {\"uniqueID\":\"_9e842d-4e\",\"columns\":1,\"colLayout\":\"equal\",\"leftPadding\":25,\"rightPadding\":25,\"bgColor\":\"#ffffff\",\"linkColor\":\"#2b6cb0\",\"linkHoverColor\":\"#215387\",\"inheritMaxWidth\":true} -->\n<div class=\"wp-block-kadence-rowlayout alignnone\"><div id=\"kt-layout-id_9e842d-4e\" class=\"kt-row-layout-inner kt-row-has-bg kt-layout-id_9e842d-4e\"><div class=\"kt-row-column-wrap kt-has-1-columns kt-gutter-default kt-v-gutter-default kt-row-valign-top kt-row-layout-equal kt-tab-layout-inherit kt-m-colapse-left-to-right kt-mobile-layout-row kb-theme-content-width\"><!-- wp:kadence\/column {\"uniqueID\":\"_c701bd-96\",\"direction\":[\"vertical\",\"\",\"\"],\"justifyContent\":[\"space-between\",\"\",\"\"]} -->\n<div class=\"wp-block-kadence-column inner-column-1 kadence-column_c701bd-96\"><div class=\"kt-inside-inner-col\"><!-- wp:kadence\/advancedheading {\"uniqueID\":\"_40b11c-f8\",\"size\":70,\"lineHeight\":1,\"lineType\":\"em\",\"typography\":\"Montserrat\",\"googleFont\":true,\"fontSubset\":\"latin\",\"fontVariant\":\"900\",\"fontWeight\":\"900\",\"markLineHeight\":[5,\"\",\"\"],\"markBorder\":\"#4a2c2c\",\"textTransform\":\"uppercase\"} -->\n<h2 class=\"kt-adv-heading_40b11c-f8 wp-block-kadence-advancedheading\" data-kb-block=\"kb-adv-heading_40b11c-f8\">We use<br>cookies<\/h2>\n<!-- \/wp:kadence\/advancedheading -->\n\n<!-- wp:paragraph -->\n<p>We use cookies to make your experience on this website better.<\/p>\n<!-- \/wp:paragraph -->\n\n<!-- wp:kadence\/advancedbtn {\"btnCount\":2,\"uniqueID\":\"_0d08d7-1d\",\"btns\":[{\"text\":\"Accept\",\"link\":\"\",\"target\":\"_self\",\"size\":16,\"paddingBT\":12,\"paddingLR\":50,\"color\":\"#ffffff\",\"background\":\"#1a202c\",\"border\":\"#1a202c\",\"backgroundOpacity\":1,\"borderOpacity\":1,\"borderRadius\":4,\"borderWidth\":1,\"colorHover\":\"#ffffff\",\"backgroundHover\":\"#2d3748\",\"borderHover\":\"#2d3748\",\"backgroundHoverOpacity\":1,\"borderHoverOpacity\":1,\"icon\":\"\",\"iconSide\":\"left\",\"iconHover\":false,\"cssClass\":\"conversion-button\",\"noFollow\":false,\"gap\":5,\"responsiveSize\":[\"\",\"\"],\"gradient\":[\"#999999\",1,0,100,\"linear\",180,\"center center\"],\"gradientHover\":[\"#777777\",1,0,100,\"linear\",180,\"center center\"],\"btnStyle\":\"basic\",\"btnSize\":\"standard\",\"backgroundType\":\"solid\",\"backgroundHoverType\":\"solid\",\"width\":[\"\",\"\",\"\"],\"responsivePaddingBT\":[\"\",\"\"],\"responsivePaddingLR\":[\"\",\"\"],\"boxShadow\":[false,\"#000000\",0.2,1,1,2,0,false],\"boxShadowHover\":[false,\"#000000\",0.4,2,2,3,0,false],\"sponsored\":false,\"download\":false,\"tabletGap\":\"\",\"mobileGap\":\"\",\"inheritStyles\":\"\",\"iconSize\":[\"\",\"\",\"\"],\"iconPadding\":[\"\",\"\",\"\",\"\"],\"iconTabletPadding\":[\"\",\"\",\"\",\"\"],\"iconMobilePadding\":[\"\",\"\",\"\",\"\"],\"onlyIcon\":[false,\"\",\"\"],\"iconColor\":\"\",\"iconColorHover\":\"\",\"sizeType\":\"px\",\"iconSizeType\":\"px\",\"label\":\"\",\"marginUnit\":\"px\",\"margin\":[\"\",\"\",\"\",\"\"],\"tabletMargin\":[\"\",\"\",\"\",\"\"],\"mobileMargin\":[\"\",\"\",\"\",\"\"]},{\"text\":\"Cookie policy\",\"link\":\"\",\"target\":\"_self\",\"size\":16,\"paddingBT\":12,\"paddingLR\":50,\"color\":\"#1a202c\",\"background\":\"#ffffff\",\"border\":\"#1a202c\",\"backgroundOpacity\":0,\"borderOpacity\":1,\"borderRadius\":4,\"borderWidth\":1,\"colorHover\":\"#2d3748\",\"backgroundHover\":\"#2d3748\",\"borderHover\":\"#2d3748\",\"backgroundHoverOpacity\":0,\"borderHoverOpacity\":1,\"icon\":\"\",\"iconSide\":\"left\",\"iconHover\":false,\"cssClass\":\"\",\"noFollow\":false,\"gap\":5,\"responsiveSize\":[\"\",\"\"],\"gradient\":[\"#999999\",1,0,100,\"linear\",180,\"center center\"],\"gradientHover\":[\"#777777\",1,0,100,\"linear\",180,\"center center\"],\"btnStyle\":\"basic\",\"btnSize\":\"standard\",\"backgroundType\":\"solid\",\"backgroundHoverType\":\"solid\",\"width\":[\"\",\"\",\"\"],\"responsivePaddingBT\":[\"\",\"\"],\"responsivePaddingLR\":[\"\",\"\"],\"boxShadow\":[false,\"#000000\",0.2,1,1,2,0,false],\"boxShadowHover\":[false,\"#000000\",0.4,2,2,3,0,false],\"sponsored\":false,\"download\":false,\"tabletGap\":\"\",\"mobileGap\":\"\",\"inheritStyles\":\"\",\"iconSize\":[\"\",\"\",\"\"],\"iconPadding\":[\"\",\"\",\"\",\"\"],\"iconTabletPadding\":[\"\",\"\",\"\",\"\"],\"iconMobilePadding\":[\"\",\"\",\"\",\"\"],\"onlyIcon\":[false,\"\",\"\"],\"iconColor\":\"\",\"iconColorHover\":\"\",\"sizeType\":\"px\",\"iconSizeType\":\"px\",\"label\":\"\",\"marginUnit\":\"px\",\"margin\":[\"\",\"\",\"\",\"\"],\"tabletMargin\":[\"\",\"\",\"\",\"\"],\"mobileMargin\":[\"\",\"\",\"\",\"\"]}],\"textTransform\":\"uppercase\",\"widthType\":\"full\",\"forceFullwidth\":true} -->\n<div class=\"wp-block-kadence-advancedbtn kt-btn-align-center kt-btn-tablet-align-inherit kt-btn-mobile-align-inherit kt-btns-wrap kt-btns_0d08d7-1d kt-force-btn-fullwidth\"><div class=\"kt-btn-wrap kt-btn-wrap-0\"><a class=\"kt-button button kt-btn-0-action kt-btn-size-standard kt-btn-style-basic kt-btn-svg-show-always kt-btn-has-text-true kt-btn-has-svg-false conversion-button\" href=\"#\" style=\"border-radius:4px;border-width:1px\"><span class=\"kt-btn-inner-text\">Accept<\/span><\/a><\/div><div class=\"kt-btn-wrap kt-btn-wrap-1\"><a class=\"kt-button button kt-btn-1-action kt-btn-size-standard kt-btn-style-basic kt-btn-svg-show-always kt-btn-has-text-true kt-btn-has-svg-false\" href=\"#\" style=\"border-radius:4px;border-width:1px\"><span class=\"kt-btn-inner-text\">Cookie policy<\/span><\/a><\/div><\/div>\n<!-- \/wp:kadence\/advancedbtn --><\/div><\/div>\n<!-- \/wp:kadence\/column --><\/div><\/div><\/div>\n<!-- \/wp:kadence\/rowlayout -->","description":"","image":"https:\/\/cpl.kadencewp.com\/wp-content\/uploads\/2021\/11\/We-Use-Cookies.jpeg","imageW":1000,"imageH":400},"4cc096ea94950112a5615308a69d28a1-255":{"slug":"4cc096ea94950112a5615308a69d28a1-255","name":"Limited Discount","categories":{"slide_in":"Slide In"},"keywords":[],"conversion":"slide_in_right","pro":false,"locked":false,"content":"<!-- wp:kadence\/rowlayout {\"uniqueID\":\"_2df914-c0\",\"columns\":1,\"colLayout\":\"equal\",\"minHeight\":300,\"bgImg\":\"https:\/\/cpl.kadencewp.com\/wp-content\/uploads\/2021\/11\/jason-dent-zUD0bPRl30o-unsplash.jpg\",\"bgImgID\":264,\"bottomSep\":\"sltl\"} -->\n<div class=\"wp-block-kadence-rowlayout alignnone\"><div id=\"kt-layout-id_2df914-c0\" class=\"kt-row-layout-inner kt-row-has-bg kt-layout-id_2df914-c0\"><div class=\"kt-row-column-wrap kt-has-1-columns kt-gutter-default kt-v-gutter-default kt-row-valign-top kt-row-layout-equal kt-tab-layout-inherit kt-m-colapse-left-to-right kt-mobile-layout-row\"><!-- wp:kadence\/column {\"uniqueID\":\"_e326f9-06\"} -->\n<div class=\"wp-block-kadence-column inner-column-1 kadence-column_e326f9-06\"><div class=\"kt-inside-inner-col\"><\/div><\/div>\n<!-- \/wp:kadence\/column --><\/div><div class=\"kt-row-layout-bottom-sep kt-row-sep-type-sltl\"><svg style=\"fill:#ffffff\" viewbox=\"0 0 1000 100\" preserveaspectratio=\"none\"><path d=\"M1000,0l-1000,100l1000,0l0,-100Z\"><\/path><\/svg><\/div><\/div><\/div>\n<!-- \/wp:kadence\/rowlayout -->\n\n<!-- wp:kadence\/rowlayout {\"uniqueID\":\"_1569f7-89\",\"columns\":1,\"colLayout\":\"equal\",\"currentOverlayTab\":\"grad\",\"topPadding\":13,\"leftPadding\":25,\"rightPadding\":25,\"bgColor\":\"#ffffff\",\"bgImg\":null,\"bgImgID\":null,\"bgImgPosition\":\"46% 0%\",\"overlaySecond\":\"#ffffff\",\"overlayFirstOpacity\":1,\"overlaySecondOpacity\":0,\"overlayGradLoc\":66,\"overlayGradLocSecond\":17,\"overlayGradAngle\":353,\"overlayOpacity\":0,\"linkColor\":\"#2b6cb0\",\"linkHoverColor\":\"#215387\",\"inheritMaxWidth\":true} -->\n<div class=\"wp-block-kadence-rowlayout alignnone\"><div id=\"kt-layout-id_1569f7-89\" class=\"kt-row-layout-inner kt-row-has-bg kt-layout-id_1569f7-89\"><div class=\"kt-row-column-wrap kt-has-1-columns kt-gutter-default kt-v-gutter-default kt-row-valign-top kt-row-layout-equal kt-tab-layout-inherit kt-m-colapse-left-to-right kt-mobile-layout-row kb-theme-content-width\"><!-- wp:kadence\/column {\"uniqueID\":\"_f59ba1-04\",\"direction\":[\"vertical\",\"\",\"\"],\"justifyContent\":[\"space-between\",\"\",\"\"]} -->\n<div class=\"wp-block-kadence-column inner-column-1 kadence-column_f59ba1-04\"><div class=\"kt-inside-inner-col\"><!-- wp:kadence\/advancedheading {\"uniqueID\":\"_5ea9c9-73\",\"color\":\"#1a202c\",\"size\":45,\"lineHeight\":1.2,\"lineType\":\"em\",\"typography\":\"Montserrat\",\"googleFont\":true,\"fontSubset\":\"latin\",\"fontVariant\":\"regular\",\"fontWeight\":\"400\",\"topMargin\":0,\"bottomMargin\":10,\"markTypography\":\"Montserrat\",\"markGoogleFont\":true,\"markFontSubset\":\"latin\",\"markFontVariant\":\"900\",\"markFontWeight\":\"900\",\"markColor\":\"#1a202c\",\"colorClass\":\"\"} -->\n<h2 class=\"kt-adv-heading_5ea9c9-73 wp-block-kadence-advancedheading\" data-kb-block=\"kb-adv-heading_5ea9c9-73\"><mark class=\"kt-highlight\">50% off<\/mark> for the first 50 buyers only!<\/h2>\n<!-- \/wp:kadence\/advancedheading -->\n\n<!-- wp:paragraph -->\n<p>Hurry to be one of the lucky ones! This won't last long.<\/p>\n<!-- \/wp:paragraph -->\n\n<!-- wp:kadence\/advancedbtn {\"hAlign\":\"left\",\"uniqueID\":\"_851340-b2\",\"btns\":[{\"text\":\"Shop NOw\",\"link\":\"\",\"target\":\"_self\",\"size\":16,\"paddingBT\":12,\"paddingLR\":50,\"color\":\"#ffffff\",\"background\":\"#fd0100\",\"border\":\"#1a202c\",\"backgroundOpacity\":1,\"borderOpacity\":1,\"borderRadius\":4,\"borderWidth\":0,\"colorHover\":\"#ffffff\",\"backgroundHover\":\"#fb3e3e\",\"borderHover\":\"#2d3748\",\"backgroundHoverOpacity\":1,\"borderHoverOpacity\":1,\"icon\":\"\",\"iconSide\":\"left\",\"iconHover\":false,\"cssClass\":\"conversion-button\",\"noFollow\":false,\"gap\":5,\"responsiveSize\":[\"\",\"\"],\"gradient\":[\"#999999\",1,0,100,\"linear\",180,\"center center\"],\"gradientHover\":[\"#777777\",1,0,100,\"linear\",180,\"center center\"],\"btnStyle\":\"basic\",\"btnSize\":\"custom\",\"backgroundType\":\"solid\",\"backgroundHoverType\":\"solid\",\"width\":[\"\",\"\",\"\"],\"responsivePaddingBT\":[\"\",\"\"],\"responsivePaddingLR\":[\"\",\"\"],\"boxShadow\":[false,\"#000000\",0.2,1,1,2,0,false],\"boxShadowHover\":[false,\"#000000\",0.4,2,2,3,0,false],\"sponsored\":false,\"download\":false,\"tabletGap\":\"\",\"mobileGap\":\"\",\"inheritStyles\":\"\",\"iconSize\":[\"\",\"\",\"\"],\"iconPadding\":[\"\",\"\",\"\",\"\"],\"iconTabletPadding\":[\"\",\"\",\"\",\"\"],\"iconMobilePadding\":[\"\",\"\",\"\",\"\"],\"onlyIcon\":[false,\"\",\"\"],\"iconColor\":\"\",\"iconColorHover\":\"\",\"sizeType\":\"px\",\"iconSizeType\":\"px\",\"label\":\"\",\"marginUnit\":\"px\",\"margin\":[\"\",\"\",\"\",\"\"],\"tabletMargin\":[\"\",\"\",\"\",\"\"],\"mobileMargin\":[\"\",\"\",\"\",\"\"]}],\"textTransform\":\"uppercase\"} -->\n<div class=\"wp-block-kadence-advancedbtn kt-btn-align-left kt-btn-tablet-align-inherit kt-btn-mobile-align-inherit kt-btns-wrap kt-btns_851340-b2\"><div class=\"kt-btn-wrap kt-btn-wrap-0\"><a class=\"kt-button button kt-btn-0-action kt-btn-size-custom kt-btn-style-basic kt-btn-svg-show-always kt-btn-has-text-true kt-btn-has-svg-false conversion-button\" href=\"#\" style=\"border-radius:4px;border-width:0px\"><span class=\"kt-btn-inner-text\">Shop NOw<\/span><\/a><\/div><\/div>\n<!-- \/wp:kadence\/advancedbtn --><\/div><\/div>\n<!-- \/wp:kadence\/column --><\/div><\/div><\/div>\n<!-- \/wp:kadence\/rowlayout -->","description":"","image":"https:\/\/cpl.kadencewp.com\/wp-content\/uploads\/2021\/11\/Limited-Discount.jpeg","imageW":1000,"imageH":645}}